Date,MSFT,SPY,TLT
2007-01-03,22.965631,112.62011000000001,61.666763
2007-01-04,22.927172,112.859108,62.040604
2007-01-05,22.796421,111.958931,61.770626
2007-01-08,23.019470000000002,112.476669,61.881367000000004
2007-01-09,23.042538,112.381119,61.881367000000004
2007-01-10,22.811804000000002,112.75549299999999,61.604434999999995
2007-01-11,23.611681,113.249435,61.244362
2007-01-12,24.003922,114.10983300000001,60.960449
2007-01-16,23.965466,113.886749,61.09206
2007-01-17,23.919327,113.934547,60.905067
2007-01-18,23.842415,113.55216200000001,61.09206
2007-01-19,23.927021,113.77519199999999,60.925842
2007-01-22,23.627062,113.424675,61.07125500000001
2007-01-23,23.64245,113.759254,60.669617
2007-01-24,23.911633,114.675407,60.662727000000004
2007-01-25,23.419407,113.329071,60.22654300000001
2007-01-26,23.534775,113.225525,60.178005000000006
2007-01-29,23.480936,113.161804,60.046496999999995
2007-01-30,23.442476,113.751259,60.115704
2007-01-31,23.734739,114.51608999999999,60.621159
2007-02-01,23.504005,115.201195,60.548156999999996
2007-02-02,23.219433,115.36046599999999,60.62466800000001
2007-02-05,22.77335,115.392372,60.708057
2007-02-06,22.696442,115.424232,61.041813
2007-02-07,22.588764,115.67919199999999,61.22258000000001
2007-02-08,22.504164000000003,115.52780200000001,61.27128199999999
2007-02-09,22.28882,114.667442,60.923603
2007-02-12,22.258053,114.277077,60.784546
2007-02-13,22.38925,115.240997,60.652451
2007-02-14,22.690243,115.99783300000001,61.229530000000004
2007-02-15,22.736547,116.149193,61.41029
2007-02-16,22.180872,116.09340700000001,61.625831999999996
2007-02-20,22.250335999999997,116.34039299999999,61.764846999999996
2007-02-21,22.651654999999998,116.292526,61.660564
2007-02-22,22.682524,116.20495600000001,61.32679399999999
2007-02-23,22.304357999999997,115.75083899999998,61.764846999999996
2007-02-26,22.435553,115.64726999999999,62.175068
2007-02-27,21.509432,111.130371,62.960636
2007-02-28,21.740957,112.26956200000001,62.67563199999999
2007-03-01,21.679216,111.934975,62.635849
2007-03-02,21.424528,110.4692,62.949909
2007-03-05,21.262451000000002,109.41764099999999,63.05455
2007-03-06,21.478548,111.289726,62.866131
2007-03-07,21.308764,111.17816200000001,63.110386
2007-03-08,21.084948999999998,112.118256,63.05455
2007-03-09,21.0618,112.15007800000001,62.39155600000001
2007-03-12,21.177563,112.31736000000001,62.635849
2007-03-13,20.621878,110.134598,63.012699
2007-03-14,21.146692,110.955132,62.726555000000005
2007-03-15,21.054077,111.106499,62.719566
2007-03-16,21.092667000000002,110.79536399999999,62.705627
2007-03-19,21.478548,112.131027,62.573013
2007-03-20,21.486269,112.746834,62.60790600000001
2007-03-21,22.011078,114.602364,62.635849
2007-03-22,21.818136,114.514404,62.140331
2007-03-23,21.625191,114.68235,61.965866000000005
2007-03-26,21.779551,114.530396,62.042629000000005
2007-03-27,21.393665,114.25851399999999,61.937904
2007-03-28,21.331915,113.426674,61.812290000000004
2007-03-29,21.416811,113.54661599999999,61.72858000000001
2007-03-30,21.509432,113.570656,61.609905000000005
2007-04-02,21.4091,113.69861599999999,61.712231
2007-04-03,21.509432,114.92228700000001,61.635174
2007-04-04,21.995639999999998,115.050293,61.698189
2007-04-05,22.034233,115.362183,61.467026000000004
2007-04-09,22.049669,115.522095,61.060764
2007-04-10,21.918463,115.658096,61.242893
2007-04-11,21.694651,115.186241,61.200867
2007-04-12,22.026516,115.69809,61.214863
2007-04-13,22.080544,116.225975,61.02574499999999
2007-04-16,22.173154999999998,117.329674,61.361957999999994
2007-04-17,22.26577,117.64157900000001,61.705204
2007-04-18,22.072823,117.785576,62.013419999999996
2007-04-19,22.142282,117.753601,61.908297999999995
2007-04-20,22.396964999999998,118.865257,61.747227
2007-04-23,22.211742,118.41741200000001,61.971359
2007-04-24,22.219463,118.465378,62.202541000000004
2007-04-25,22.373816,119.55306999999999,61.985401
2007-04-26,22.45871,119.68904099999999,61.537064
2007-04-27,23.245918,119.59308600000001,61.523109
2007-04-30,23.107004,118.601349,62.16750699999999
2007-05-01,23.46203,118.905258,62.212486
2007-05-02,23.624092,119.601074,62.17735699999999
2007-05-03,23.901932000000002,120.24888600000001,62.036747
2007-05-04,23.585506,120.704796,62.289825
2007-05-07,23.701271,120.728798,62.458599
2007-05-08,23.73214,120.568871,62.317951
2007-05-09,23.755295,120.896759,62.071918000000004
2007-05-10,23.600937,119.633133,62.219559
2007-05-11,23.840183,120.656815,62.001602
2007-05-14,23.901932000000002,120.39286799999999,61.839874
2007-05-15,23.925154,120.42493400000001,61.818787
2007-05-16,24.056784,121.24868000000001,61.776633999999994
2007-05-17,23.987103,121.008728,61.523559999999996
2007-05-18,23.87096,122.06446100000001,61.115761
2007-05-21,24.041301999999998,122.000496,61.298561
2007-05-22,23.76256,121.90451000000002,60.982197
2007-05-23,23.677391,121.92047099999999,60.80639300000001
2007-05-24,23.359942999999998,120.816772,60.86264
2007-05-25,23.599970000000003,121.32064799999999,60.722038
2007-05-29,23.839993,121.760544,60.715027
2007-05-30,24.087757,122.752319,60.84156
2007-05-31,23.76256,122.624344,60.729099
2007-06-01,23.685137,123.23210900000001,60.410038
2007-06-04,23.785791,123.248154,60.685337
2007-06-05,23.677391,122.760231,60.304199
2007-06-06,23.45285,121.44061299999998,60.275967
2007-06-07,22.934084,119.24920700000001,59.19609499999999
2007-06-08,23.267025,120.800789,59.14664499999999
2007-06-11,23.243797,121.008728,58.977249
2007-06-12,23.112169,119.68904099999999,58.123234
2007-06-13,23.530276999999998,121.480621,58.814972
2007-06-14,23.630934,122.256332,58.666714
2007-06-15,23.607708,122.952003,59.069019
2007-06-18,23.623194,122.80749499999999,58.949043
2007-06-19,23.584478,123.11263999999998,59.499554
2007-06-20,23.236059,121.40176399999999,59.019615
2007-06-21,23.398653,122.07646899999999,58.737312
2007-06-22,22.833429000000002,120.92788700000001,59.118446
2007-06-25,22.833429000000002,120.34951799999999,59.443068999999994
2007-06-26,22.856661,119.11251100000001,59.457221999999994
2007-06-27,23.127654999999997,120.807373,59.51368299999999
2007-06-28,23.096685,120.79131299999999,59.499554
2007-06-29,22.817945,120.83144399999999,60.113628000000006
2007-07-02,23.026997,121.92384299999999,60.429611
2007-07-03,23.243797,122.365669,60.061192000000005
2007-07-05,23.220570000000002,122.23716,59.388115
2007-07-06,23.205082,122.879745,59.147209
2007-07-09,23.127654999999997,122.976128,59.359764
2007-07-10,22.709541,121.225067,60.36586
2007-07-11,22.833429000000002,122.084534,59.74235899999999
2007-07-12,23.282511,124.01230600000001,59.53688399999999
2007-07-13,23.088938,124.381798,59.699825
2007-07-16,23.251535,124.365761,60.273762
2007-07-17,23.832245,124.301445,60.146193999999994
2007-07-18,23.940645,124.07658400000001,60.37290600000001
2007-07-19,24.397469,124.558502,60.358748999999996
2007-07-20,24.126471,123.29740100000001,60.904301000000004
2007-07-23,24.149701999999998,123.67494199999999,60.805153000000004
2007-07-24,23.847734,121.53029599999999,61.031845
2007-07-25,23.778046,121.779274,61.152264
2007-07-26,23.212828,118.895683,61.662445
2007-07-27,22.756006,116.55819699999999,61.8396
2007-07-30,22.763742,118.38157700000001,61.662445
2007-07-31,22.446289,117.04819499999999,62.10880699999999
2007-08-01,22.686312,117.6185,61.974380000000004
2007-08-02,22.856661,118.55828899999999,62.130863
2007-08-03,22.423063,115.505981,62.543354
2007-08-06,22.872142999999998,117.44180300000001,62.08816899999999
2007-08-07,22.879887,118.694847,62.038382999999996
2007-08-08,23.228313,120.34951799999999,61.28439300000001
2007-08-09,22.686312,116.783142,61.369789000000004
2007-08-10,22.22949,116.236938,61.227531000000006
2007-08-13,22.167553,116.654602,61.405322999999996
2007-08-14,21.965538000000002,114.87139099999999,61.568943000000004
2007-08-15,21.833447,113.28903999999999,61.348468999999994
2007-08-16,21.608114,114.140427,61.981480000000005
2007-08-17,21.949993,116.236938,61.732533
2007-08-20,21.957766,116.180725,61.768051
2007-08-21,21.810137,116.41363500000001,62.06686
2007-08-22,21.926682,117.795235,61.967289
2007-08-23,21.988844,117.69083400000001,62.180659999999996
2007-08-24,22.385107,119.144691,62.4865
2007-08-27,22.136473000000002,118.036194,62.813675
2007-08-28,21.701365,115.44173400000001,62.920376
2007-08-29,22.214170000000003,117.70687099999999,62.749649
2007-08-30,22.105394,117.393578,63.169323
2007-08-31,22.322954,118.550224,63.219108999999996
2007-09-04,22.385107,119.74708600000001,63.249062
2007-09-05,22.128702,118.710876,63.756184
2007-09-06,22.462812,118.984024,63.591956999999994
2007-09-07,22.097618,117.32933,64.491837
2007-09-10,22.128702,117.104408,64.991737
2007-09-11,22.478342,118.46994,64.941742
2007-09-12,22.478342,118.77514599999999,64.698921
2007-09-13,22.657059,119.610519,64.12041500000001
2007-09-14,22.563822000000002,119.602524,64.21328000000001
2007-09-17,22.322954,118.959923,64.52037
2007-09-18,22.478342,122.46203600000001,64.034706
2007-09-19,22.276331,123.184929,63.441933
2007-09-20,22.082079,122.317451,62.2421
2007-09-21,22.260794,122.647522,62.770599
2007-09-24,22.594896,122.421555,62.949165
2007-09-25,22.967852,122.17946599999999,62.727734
2007-09-26,22.921229999999998,122.82510400000001,62.784863
2007-09-27,22.913465,123.551445,63.220566000000005
2007-09-28,22.890156,123.13987,63.363388
2007-10-01,23.131016,124.527992,63.725441000000004
2007-10-02,23.076635,124.35851299999999,63.926235
2007-10-03,22.882386999999998,124.10833000000001,63.739788
2007-10-04,23.084398,124.301994,63.983601
2007-10-05,23.185415,125.778885,63.295238
2007-10-08,23.185415,125.109055,63.245064
2007-10-09,23.387424,126.28731499999999,63.166244999999996
2007-10-10,23.48844,126.077568,63.20209499999999
2007-10-11,23.239798999999998,125.472191,63.137535
2007-10-12,23.44182,126.166275,62.829257999999996
2007-10-15,23.340807,125.10092900000001,62.843578
2007-10-16,23.558367,124.10833000000001,62.865108
2007-10-17,24.148876,124.487602,63.553402
2007-10-18,24.211031,124.035645,63.904709
2007-10-19,23.44182,120.79132800000001,64.858307
2007-10-22,23.705994,121.49349199999999,64.86547900000001
2007-10-23,24.009016,122.477997,64.779442
2007-10-24,24.280964,122.25208300000001,65.259781
2007-10-25,24.855942000000002,122.54266399999999,65.03756700000001
2007-10-26,27.217989000000003,123.97914899999999,64.886978
2007-10-29,26.860575,124.39078500000001,65.137901
2007-10-30,27.637565999999996,123.52726000000001,65.102127
2007-10-31,28.601042,124.81047099999999,64.514122
2007-11-01,28.795279999999998,121.888893,65.352417
2007-11-02,28.795279999999998,122.026123,65.561234
2007-11-05,28.538871999999998,121.09803799999999,65.532402
2007-11-06,28.290245000000002,122.728218,65.21556899999999
2007-11-07,27.598716999999997,119.37091799999999,65.330795
2007-11-08,26.992665999999996,118.765648,65.21556899999999
2007-11-09,26.207902999999998,117.13537600000001,65.770065
2007-11-12,25.935959,115.97323600000001,66.00769
2007-11-13,26.863634,119.508125,65.762825
2007-11-14,26.450468,119.17720800000001,65.834846
2007-11-15,26.317938,117.458206,66.45416999999999
2007-11-16,26.575203000000002,117.65998799999998,66.54780600000001
2007-11-19,26.473852,116.02164499999999,66.979889
2007-11-20,26.957178000000003,116.731827,66.90789000000001
2007-11-21,26.684334000000003,114.342979,67.296776
2007-11-23,26.590791999999997,116.32026699999999,67.498413
2007-11-26,25.702089,113.753845,68.830627
2007-11-27,25.772251,115.061279,68.175331
2007-11-28,26.271168,118.741425,67.714455
2007-11-29,26.185415,118.78173799999999,68.297691
2007-11-30,26.193216,119.97618100000001,67.966431
2007-12-03,25.663107,119.18528,68.505882
2007-12-04,25.546179000000002,118.120003,68.498627
2007-12-05,26.621965000000003,120.097237,67.68163299999999
2007-12-06,26.933791999999997,121.816299,67.08874499999999
2007-12-07,26.918203000000002,121.79205300000001,66.3368
2007-12-10,27.097494,122.736298,65.93911
2007-12-11,26.582984999999997,119.37091799999999,67.233322
2007-12-12,26.871431,120.54915600000001,66.539253
2007-12-13,27.456099,120.299034,65.81624599999999
2007-12-14,27.52627,118.773697,65.512596
2007-12-17,26.809067,117.07881200000001,66.098213
2007-12-18,27.081910999999998,117.73261299999999,66.524803
2007-12-19,27.120884000000004,117.73261299999999,67.406883
2007-12-20,27.689962,118.475082,67.26230600000001
2007-12-21,28.110926,120.18298300000001,66.278961
2007-12-24,28.516302000000003,121.07538600000001,65.96804
2007-12-26,28.539686,121.335052,65.38967099999999
2007-12-27,28.040765999999998,119.809731,66.102509
2007-12-28,28.157701,119.50953700000001,67.133308
2007-12-31,27.752327,118.62521399999999,67.53981
2008-01-02,27.456099,117.58667,68.512573
2008-01-03,27.573027000000003,117.5299,68.418175
2008-01-04,26.801273,114.649628,68.43274699999999
2008-01-07,26.980565999999996,114.552269,68.730339
2008-01-08,26.076279,112.702446,68.65052
2008-01-09,26.848042,113.88698600000001,68.781166
2008-01-10,26.762290999999998,114.63341499999999,67.85198199999999
2008-01-11,26.434879,113.708504,68.381935
2008-01-14,26.809067,114.625351,68.635948
2008-01-15,26.505036999999998,112.10205800000001,69.405479
2008-01-16,25.904774,111.136559,68.904579
2008-01-17,25.811226,108.25634,69.797462
2008-01-18,25.733261,107.144798,69.318359
2008-01-22,24.914732,106.057617,70.05879200000001
2008-01-23,24.891348,108.605217,69.899101
2008-01-24,25.920368,109.52201799999999,68.49807
2008-01-25,25.678703,107.939926,69.65226
2008-01-28,25.507202,109.724861,69.390968
2008-01-29,25.413656,110.268433,68.919128
2008-01-30,25.10183,109.45711499999999,68.469032
2008-01-31,25.413656,111.45298000000001,68.955383
2008-02-01,23.737595000000002,113.24605600000001,69.369843
2008-02-04,23.534907999999998,111.818123,68.656013
2008-02-05,22.661806,108.824265,69.180504
2008-02-06,22.233047,107.948006,68.969223
2008-02-07,21.921225,108.66198700000001,67.483238
2008-02-08,22.264225,107.964279,68.255348
2008-02-11,21.991383,108.51596799999999,68.539429
2008-02-12,22.09272,109.52201799999999,68.131485
2008-02-13,22.576056,110.641663,67.4104
2008-02-14,22.217463000000002,109.668053,66.41967
2008-02-15,22.155094000000002,109.6437,66.929558
2008-02-19,22.045532,109.951996,66.252113
2008-02-20,22.084654,110.27654299999999,66.711052
2008-02-21,21.990748999999997,109.359726,67.417671
2008-02-22,21.662058,110.03315,67.031578
2008-02-25,21.787271,111.42053200000001,66.346817
2008-02-26,22.209873,112.256203,66.368675
2008-02-27,22.115957,112.14260900000001,66.426971
2008-02-28,21.85771,111.04731000000001,67.60707099999999
2008-02-29,21.286414999999998,108.572769,68.641434
2008-03-03,21.122072,108.31311799999999,68.464485
2008-03-04,21.591625,107.899345,67.799103
2008-03-05,22.006395,108.580872,66.987602
2008-03-06,21.575975,106.33346599999999,67.345825
2008-03-07,21.810751,105.23818999999999,67.43360899999999
2008-03-10,21.951612,103.850761,68.42795600000001
2008-03-11,22.9142,107.582924,67.842972
2008-03-12,22.405516,106.576874,69.151733
2008-03-13,22.397696,106.812149,68.61071
2008-03-14,21.881187,105.157051,69.458809
2008-03-17,22.147266000000002,104.094193,69.992577
2008-03-18,23.023761999999998,108.418594,69.722038
2008-03-19,22.397696,105.733093,70.87730400000001
2008-03-20,22.835941000000002,107.691551,71.05274200000001
2008-03-24,22.828117000000002,109.844078,69.678162
2008-03-25,22.804638,109.95006599999999,69.970642
2008-03-26,22.350735,108.604721,69.678162
2008-03-27,21.951612,108.262299,69.188293
2008-03-28,21.842051,107.22680700000001,69.860954
2008-03-31,22.209873,107.601883,70.109604
2008-04-01,23.086372,111.38507800000001,68.968513
2008-04-02,22.820288,111.45846599999999,69.115349
2008-04-03,22.695072,111.735703,69.269615
2008-04-04,22.820288,111.61338799999999,69.901031
2008-04-07,22.820288,111.67048600000001,69.533897
2008-04-08,22.499432000000002,111.55631299999999,69.291611
2008-04-09,22.608995,110.74910700000001,70.011162
2008-04-10,22.781164,110.904053,69.776207
2008-04-11,22.13162,108.751526,70.246162
2008-04-14,21.959442000000003,108.384575,69.834953
2008-04-15,22.108131,108.637367,68.968513
2008-04-16,22.655954,111.580772,68.293037
2008-04-17,22.867243,111.743851,68.175552
2008-04-18,23.477673,112.90983600000001,68.11680600000001
2008-04-21,23.806353,112.96685,68.388489
2008-04-22,23.673310999999998,112.46951299999999,68.623428
2008-04-23,24.612423,112.290146,68.395844
2008-04-24,24.886324,112.779358,67.815742
2008-04-25,23.344627,113.823006,67.419212
2008-04-28,22.687256,113.847443,67.62484
2008-04-29,22.413349,113.399025,67.881851
2008-04-30,22.319430999999998,112.730423,68.366463
2008-05-01,23.008116,115.062347,68.37086500000001
2008-05-02,22.882896,115.38029499999999,67.508629
2008-05-05,22.757680999999998,114.82584399999999,67.508629
2008-05-06,23.242891,115.820595,67.022324
2008-05-07,22.859419,113.757782,67.309738
2008-05-08,22.906376,113.46419499999999,67.914001
2008-05-09,23.000288,113.25221299999998,68.164505
2008-05-12,23.469837,114.5242,68.061386
2008-05-13,23.391289,114.540489,67.31706199999999
2008-05-14,23.509110999999997,114.776932,67.346535
2008-05-15,23.917557000000002,116.211975,67.958221
2008-05-16,23.556242,116.318001,67.678146
2008-05-19,23.139944,116.635925,67.766548
2008-05-20,22.590115,115.69013999999999,68.1203
2008-05-21,22.189522,113.733322,68.13504
2008-05-22,22.362326,113.74961100000002,67.331818
2008-05-23,22.032429,112.22492199999999,67.626572
2008-05-27,22.338762,113.056564,67.169708
2008-05-28,22.134536999999998,113.5784,66.5728
2008-05-29,22.236649,114.14910900000001,66.093788
2008-05-30,22.244507000000002,114.434502,66.52861
2008-06-02,21.836060999999997,113.25221299999998,66.785248
2008-06-03,21.451181,112.591812,67.265984
2008-06-04,21.631847,112.534706,66.666885
2008-06-05,22.228798,114.78511,66.267525
2008-06-06,21.592571,111.124176,67.125427
2008-06-09,21.765371,111.39326499999999,67.125427
2008-06-10,21.906757,110.838799,66.68911
2008-06-11,21.301945,109.20810700000001,66.53373
2008-06-12,22.181670999999998,109.623947,65.868103
2008-06-13,22.833614,111.010025,65.727623
2008-06-16,22.723642,111.075249,65.742386
2008-06-17,22.621532000000002,110.537102,65.875496
2008-06-18,22.354473000000002,109.46084599999999,66.430222
2008-06-19,22.723642,109.599503,66.038239
2008-06-20,22.173815,107.82051799999999,66.42280600000001
2008-06-23,21.969589000000003,107.713959,66.563347
2008-06-24,21.781076000000002,107.50091599999999,67.007103
2008-06-25,22.268072,108.00894199999999,67.036659
2008-06-26,21.796782999999998,105.075401,67.48782299999999
2008-06-27,21.702526000000002,104.501808,68.279205
2008-06-30,21.608282,104.87053700000001,68.293983
2008-07-01,21.105577,105.198311,68.13215600000001
2008-07-02,20.327961,103.395576,68.488457
2008-07-03,20.406509,103.502113,68.339966
2008-07-07,20.445784,102.445038,68.651749
2008-07-08,20.304398000000003,104.26416800000001,69.097115
2008-07-09,19.817408,102.256569,69.401443
2008-07-10,19.99021,102.6745,69.394035
2008-07-11,19.833117,101.478073,68.406853
2008-07-14,19.754566,100.560349,69.008057
2008-07-15,20.540036999999998,99.142746,68.985764
2008-07-16,21.411909,101.576454,67.73877
2008-07-17,21.616129,102.59251400000001,67.389915
2008-07-18,20.312246,103.231689,67.137527
2008-07-21,20.139448,103.289063,67.397316
2008-07-22,20.26512,104.460838,67.063301
2008-07-23,20.759970000000003,105.02624499999999,66.929688
2008-07-24,19.982353,102.84655,67.582916
2008-07-25,20.547895,102.82198299999999,66.907463
2008-07-28,20.029482,101.314224,67.582916
2008-07-29,20.508617,103.477501,67.308258
2008-07-30,20.602871,105.321228,67.375076
2008-07-31,20.202288,103.928223,68.043098
2008-08-01,19.982353,103.37915799999999,68.193565
2008-08-04,19.856679999999997,102.420433,68.037148
2008-08-05,20.587156,105.181946,67.530594
2008-08-06,21.223394,105.648979,67.254929
2008-08-07,21.514019,104.075691,68.350044
2008-08-08,22.095266,106.00954399999999,68.536278
2008-08-11,21.91461,107.107574,67.88069200000001
2008-08-12,22.087412,105.993179,68.51393900000001
2008-08-13,21.922462,105.35398899999998,68.275513
2008-08-14,21.922462,106.14884199999999,68.715057
2008-08-15,21.843918,106.665108,69.31102800000001
2008-08-18,21.749659,105.20652,69.58665500000001
2008-08-19,21.544626,104.059311,69.31851999999999
2008-08-20,21.520969,104.54278599999999,69.512169
2008-08-21,21.434219,104.723045,69.385513
2008-08-22,21.954698999999998,106.238991,69.340843
2008-08-25,21.812746,104.0839,70.03364599999999
2008-08-26,21.505198999999998,104.38707,70.093193
2008-08-27,21.733892,105.403198,70.212456
2008-08-28,22.033554000000002,106.68148000000001,70.219894
2008-08-29,21.520969,105.534256,69.906944
2008-09-02,21.371134,104.878723,70.55748
2008-09-03,21.213406,104.788605,70.856522
2008-09-04,20.779678,101.63378900000001,71.424774
2008-09-05,20.227663,101.953369,71.38739
2008-09-08,20.598305,104.059311,71.686432
2008-09-09,20.582537,100.97006999999999,72.396751
2008-09-10,20.850653,101.379784,71.94811999999999
2008-09-11,21.560394,102.84655,71.910744
2008-09-12,21.781206,103.321831,70.983612
2008-09-15,21.150323999999998,98.405251,73.286446
2008-09-16,20.495779000000002,100.05231500000001,73.27154499999999
2008-09-17,19.375971,95.553658,73.637856
2008-09-18,19.920105,98.388878,72.561188
2008-09-19,19.841238,102.29628000000001,70.2584
2008-09-22,20.030504,99.980331,70.250908
2008-09-23,20.062044,97.705627,69.98175
2008-09-24,20.282867,98.018822,70.288292
2008-09-25,20.984714999999998,99.551765,70.146233
2008-09-26,21.607716,99.60120400000001,70.654663
2008-09-29,19.722954,91.79630999999999,72.710716
2008-09-30,21.047806,95.59575699999999,70.938774
2008-10-01,20.882196,95.65345,71.8312
2008-10-02,20.700817,92.183662,72.408722
2008-10-03,20.756021,90.939171,73.04615799999999
2008-10-06,19.644089,86.307327,74.373566
2008-10-07,18.319239000000003,82.441948,74.14859799999999
2008-10-08,18.145742000000002,80.36502800000001,73.083626
2008-10-09,17.585842,74.752449,72.46869699999999
2008-10-10,16.95496,72.939255,71.958763
2008-10-13,20.109371,83.529877,71.036247
2008-10-14,19.005326999999998,82.29357900000001,70.578812
2008-10-15,17.86974,74.191963,71.253784
2008-10-16,19.076296,77.28265400000001,70.886238
2008-10-17,18.871257999999997,76.82109100000001,70.398811
2008-10-20,19.494255,81.43645500000001,70.961258
2008-10-21,18.421758999999998,79.005157,71.33625
2008-10-22,16.978614999999998,74.702972,72.783676
2008-10-23,17.60161,75.568352,73.323616
2008-10-24,17.317711,71.735939,72.54369399999999
2008-10-27,16.702604,69.18927,72.596237
2008-10-28,18.216724,77.27439100000001,71.53875
2008-10-29,18.137856,76.713966,71.17875699999999
2008-10-30,17.846075,79.367783,70.533821
2008-10-31,17.609497,79.804588,69.61882800000001
2008-11-03,17.838194,80.035393,69.807076
2008-11-04,18.555819,82.75515,71.11721800000001
2008-11-05,17.412348,79.27711500000001,71.96051800000001
2008-11-06,16.466019,74.884293,71.440979
2008-11-07,16.95496,77.356812,70.97416700000001
2008-11-10,16.797234,76.343079,71.320557
2008-11-11,16.71838,73.985939,71.531364
2008-11-12,16.008631,70.730453,71.990677
2008-11-13,16.757803,75.139778,70.26638
2008-11-14,15.819363000000001,71.38979300000001,71.65933199999999
2008-11-17,15.235804000000002,70.442009,71.975647
2008-11-18,15.577198000000001,71.768913,72.901749
2008-11-19,14.521254999999998,67.170036,74.769127
2008-11-20,13.917851999999998,62.183777,78.631775
2008-11-21,15.624838,65.538155,77.494835
2008-11-24,16.426722,70.079376,76.282547
2008-11-25,15.870957999999998,70.598602,78.526382
2008-11-26,16.267923,73.326584,78.631775
2008-11-28,16.053564,74.249664,79.603127
2008-12-01,14.775314000000002,67.672768,82.651558
2008-12-02,15.204045,70.27718399999999,82.968903
2008-12-03,15.775685999999999,71.96674300000001,83.203056
2008-12-04,15.172288,70.301903,84.842484
2008-12-05,15.775685999999999,72.46949000000001,83.46749100000001
2008-12-08,16.680785999999998,74.999672,83.286148
2008-12-09,16.355267,73.763428,84.933144
2008-12-10,16.363203,74.26616700000001,84.72919499999999
2008-12-11,15.442232,72.47773000000001,84.895393
2008-12-12,15.370773999999999,73.343109,84.895393
2008-12-15,15.116713,72.32112099999999,85.862411
2008-12-16,15.966231,75.72494499999999,87.98532900000001
2008-12-17,15.608954,74.99140200000001,90.372734
2008-12-18,15.323137,73.590347,92.26906600000001
2008-12-19,15.180226999999999,73.27376600000001,92.367302
2008-12-22,15.227862,72.334908,91.65708199999999
2008-12-23,15.307260000000001,71.58714300000001,91.536224
2008-12-24,15.219921,72.002579,91.33979000000001
2008-12-26,15.188162,72.418022,91.641991
2008-12-29,15.053192000000001,72.21028100000001,91.532097
2008-12-30,15.354897,73.921883,92.403862
2008-12-31,15.434288,74.977051,90.470802
2009-01-02,16.140903,77.23700699999999,88.196732
2009-01-05,16.291746,77.14559200000001,85.922668
2009-01-06,16.482298,77.660736,85.05854000000001
2009-01-07,15.489867000000002,75.334312,85.392036
2009-01-08,15.974172,75.641724,85.32382199999999
2009-01-09,15.497801999999998,74.021561,85.452682
2009-01-12,15.458109,72.243507,86.339584
2009-01-13,15.735989000000002,72.37645699999999,86.430542
2009-01-14,15.156405,70.099884,87.855652
2009-01-15,15.275502,70.124809,87.999672
2009-01-16,15.648651999999998,70.673187,86.642799
2009-01-20,14.672101000000001,66.942604,86.62760899999999
2009-01-21,15.386651,69.834007,83.891129
2009-01-22,13.584398,68.75389100000001,82.276558
2009-01-23,13.655854000000001,69.053009,81.632233
2009-01-26,13.997245999999999,69.526588,80.919624
2009-01-27,14.021067000000002,70.23281899999999,82.822334
2009-01-28,14.322764000000001,72.609093,80.752907
2009-01-29,13.965489999999999,70.24945100000001,78.895737
2009-01-30,13.57646,68.820358,78.64559200000001
2009-02-02,14.156037,68.612663,80.108765
2009-02-03,14.687979,69.576431,78.200935
2009-02-04,14.791193,69.235771,77.927277
2009-02-05,15.116713,70.266052,77.995674
2009-02-06,15.608954,72.26844,77.752487
2009-02-09,15.434288,72.368156,78.003265
2009-02-10,14.926160000000001,69.053009,79.698341
2009-02-11,15.251676999999999,69.46010600000001,80.732109
2009-02-12,15.291378,69.50997199999999,79.971962
2009-02-13,15.156405,68.76218399999999,77.843636
2009-02-17,14.460941,65.820938,80.268425
2009-02-18,14.484921,65.66308599999999,79.584305
2009-02-19,14.317051999999999,64.956841,78.231308
2009-02-20,14.388995999999999,64.32539399999999,78.99144
2009-02-23,13.757479,62.023911,79.721176
2009-02-24,13.7255,64.375244,79.637527
2009-02-25,13.557635000000001,63.86843100000001,78.717781
2009-02-26,13.125959,62.829865000000005,77.889198
2009-02-27,12.910125,61.425686,77.440804
2009-03-02,12.622346,58.658896999999996,78.72287
2009-03-03,12.694289999999999,58.218559,78.196907
2009-03-04,12.886147,59.597778000000005,77.838654
2009-03-05,12.206665,57.163368000000006,80.003387
2009-03-06,12.214655,57.263057999999994,79.469833
2009-03-09,12.110738000000001,56.590065,79.00489
2009-03-10,13.173923,59.963375,77.488037
2009-03-11,13.677542,60.353855,78.326492
2009-03-12,13.597601000000001,62.730141,78.699989
2009-03-13,13.309825,63.22036,78.303627
2009-03-16,12.990067,63.029251,77.06881700000001
2009-03-17,13.509665,64.956841,76.649567
2009-03-18,13.557635000000001,66.410843,79.55366500000001
2009-03-19,13.701517,65.588287,79.65277900000001
2009-03-20,13.637570000000002,64.191643,79.210716
2009-03-23,14.65279,68.802483,78.524658
2009-03-24,14.333035,67.446861,79.271622
2009-03-25,14.293071,68.15812700000001,78.204575
2009-03-26,15.052491,69.547264,79.11161
2009-03-27,14.492914,68.292015,79.698502
2009-03-30,13.973310999999999,65.932236,80.003387
2009-03-31,14.68477,66.543114,80.57510400000001
2009-04-01,15.436191,67.831802,81.310417
2009-04-02,15.420207000000001,69.815025,80.316681
2009-04-03,14.988534,70.509598,78.673218
2009-04-06,14.996531,69.957314,78.336884
2009-04-07,14.996531,68.32551600000001,78.535606
2009-04-08,15.340269000000001,69.061913,79.231239
2009-04-09,15.723972,71.806625,78.23745699999999
2009-04-13,15.660020000000001,71.82338,78.956032
2009-04-14,15.468164000000002,70.584885,79.36879
2009-04-15,15.052491,71.338013,79.231239
2009-04-16,15.795917999999999,72.38404799999999,78.604393
2009-04-17,15.348260999999999,72.869385,77.740608
2009-04-20,14.876624,69.815025,78.917801
2009-04-21,15.164398,71.179024,78.138138
2009-04-22,15.012519000000001,70.743866,77.664169
2009-04-23,15.124433999999999,71.43843100000001,77.656563
2009-04-24,16.715216,72.517921,76.876839
2009-04-27,16.307529000000002,71.831734,77.205551
2009-04-28,15.931811999999999,71.605789,75.944237
2009-04-29,16.187618,73.12876899999999,75.271576
2009-04-30,16.195614000000003,73.15389300000001,74.973473
2009-05-01,16.179625,73.547195,74.457436
2009-05-04,16.139664,76.04927099999999,74.702782
2009-05-05,15.8199,75.78981800000001,74.610786
2009-05-06,15.8199,77.10363000000001,74.434441
2009-05-07,15.444185000000001,76.032516,72.617287
2009-05-08,15.524132,77.806572,72.793617
2009-05-11,15.444185000000001,76.350525,73.828728
2009-05-12,15.899837,76.124588,74.097054
2009-05-13,15.787927,74.20826,74.902168
2009-05-14,16.035736,74.844246,75.19354200000001
2009-05-15,16.163639,74.23338299999999,75.170509
2009-05-18,16.467403,76.34213299999999,74.005089
2009-05-19,16.33869,76.250099,73.614029
2009-05-20,16.395001999999998,75.739655,74.388435
2009-05-21,15.944501,74.651802,72.517624
2009-05-22,15.888193,74.49279,71.712509
2009-05-26,16.362823000000002,76.400734,70.63143199999999
2009-05-27,16.193892,75.036743,69.381668
2009-05-28,16.451315,76.08273299999999,70.386108
2009-05-29,16.805283,77.42997700000001,72.203224
2009-06-01,17.215559,79.304451,70.06867199999999
2009-06-02,17.215559,79.371399,70.44561
2009-06-03,17.48103,78.367226,71.10709399999999
2009-06-04,17.56148,79.103607,69.637878
2009-06-05,17.81086,79.120346,69.107124
2009-06-08,17.738457,78.793991,68.930145
2009-06-09,17.762598,79.19567099999999,68.922493
2009-06-10,18.140694,78.994843,67.837914
2009-06-11,18.365942,79.346283,68.591713
2009-06-12,18.768176999999998,79.56385,69.207138
2009-06-15,18.84058,77.73962399999999,69.830162
2009-06-16,18.864716,76.685226,71.045586
2009-06-17,19.04974,76.60990100000001,70.645576
2009-06-18,18.904938,77.170586,69.576309
2009-06-19,19.363482,77.45503199999999,70.53019
2009-06-22,18.727957,75.132378,71.214798
2009-06-23,18.776215,75.191315,72.053253
2009-06-24,18.880802,75.839256,71.330177
2009-06-25,19.138229,77.48869300000001,72.637878
2009-06-26,18.784262,77.286705,72.760963
2009-06-29,19.194546,78.01044499999999,72.86863699999999
2009-06-30,19.122147000000002,77.379295,72.745552
2009-07-01,19.339344,77.69905899999999,72.60123399999999
2009-07-02,18.80036,75.57839200000001,72.771027
2009-07-06,18.663595,75.569992,72.632141
2009-07-07,18.124605,74.105698,73.118279
2009-07-08,18.148741,74.055214,74.46875
2009-07-09,18.0522,74.198273,73.581322
2009-07-10,18.011978,74.021561,74.260414
2009-07-13,18.687731,75.822449,73.843674
2009-07-14,18.591194,76.251625,72.61670699999999
2009-07-15,19.403704,78.481712,70.749161
2009-07-16,19.661131,78.355469,71.513176
2009-07-17,19.540461999999998,79.213837,70.409637
2009-07-20,19.733538,80.055374,70.78009
2009-07-21,19.974878,80.425652,72.192238
2009-07-22,19.950735,80.408821,71.544037
2009-07-23,20.562134,82.18447900000001,70.23214
2009-07-24,18.864716,82.521072,70.571686
2009-07-27,18.591194,82.765114,69.761398
2009-07-28,18.880802,82.378006,70.37876899999999
2009-07-29,19.146273,82.176071,70.76461
2009-07-30,19.154318,83.034401,71.767799
2009-07-31,18.921026,83.152229,73.16456600000001
2009-08-03,19.17041,84.523949,72.05579399999999
2009-08-04,19.122147000000002,84.74270600000001,71.48284100000001
2009-08-05,19.154318,84.498688,70.414261
2009-08-06,18.872757,84.061104,70.654312
2009-08-07,18.953201,85.163498,70.065826
2009-08-10,18.84058,84.986755,70.940826
2009-08-11,18.607283,83.92643000000001,71.76151999999999
2009-08-12,18.92907,84.826881,70.995018
2009-08-13,19.001473999999998,85.474861,72.001625
2009-08-14,19.057782999999997,84.818474,72.280327
2009-08-17,18.703819,82.731453,73.348869
2009-08-18,19.075951,83.38784799999999,72.922989
2009-08-19,19.132579999999997,84.11999499999999,73.526993
2009-08-20,19.148764,84.986755,74.13089000000001
2009-08-21,19.747414000000003,86.653023,72.60554499999999
2009-08-24,19.933481,86.64460799999999,73.921867
2009-08-25,19.933481,86.81291999999999,74.339973
2009-08-26,19.860670000000002,86.82132,74.680649
2009-08-27,19.973928,87.01487,74.386452
2009-08-28,19.965843,86.998039,74.727135
2009-08-31,19.941576,86.223854,74.796776
2009-09-01,19.41573,84.32195300000001,74.615791
2009-09-02,19.302471,84.002174,75.703255
2009-09-03,19.504717000000003,84.700638,75.237259
2009-09-04,19.917307,85.88723,73.95552099999999
2009-09-08,20.079102,86.627769,73.435135
2009-09-09,20.046741,87.292603,73.349663
2009-09-10,20.224718,88.184624,74.701233
2009-09-11,20.11146,88.16776999999999,75.11293
2009-09-14,20.224718,88.596962,74.367287
2009-09-15,20.38652,88.96725500000001,73.986588
2009-09-16,20.38652,90.313721,74.118698
2009-09-17,20.467419,90.179062,75.050797
2009-09-18,20.435057,90.236549,74.38278199999999
2009-09-21,20.467419,90.008263,74.553673
2009-09-22,20.847637,90.532478,74.709053
2009-09-23,20.799097,89.77996800000001,74.93431899999999
2009-09-24,20.985167,88.79068000000001,75.151779
2009-09-25,20.669660999999998,88.31716899999999,76.107201
2009-09-28,20.896176999999998,89.898354,76.7752
2009-09-29,20.831459,89.627739,76.705299
2009-09-30,20.807192,89.281097,76.635391
2009-10-01,20.127644,87.065773,77.684967
2009-10-02,20.192364,86.65992,77.147308
2009-10-05,19.933481,87.953568,77.155113
2009-10-06,20.313705,89.21344,76.391533
2009-10-07,20.305616,89.45867199999999,77.287544
2009-10-08,20.766741,90.143547,76.477234
2009-10-09,20.669660999999998,90.69315300000001,74.724083
2009-10-12,20.807192,91.048271,74.84092700000001
2009-10-13,20.880001,90.862267,75.230515
2009-10-14,21.001348,92.426521,74.116264
2009-10-15,21.608083999999998,92.764717,73.773453
2009-10-16,21.4382,92.071381,74.373421
2009-10-19,21.324945,92.832382,74.957787
2009-10-20,21.333033,92.341965,75.362984
2009-10-21,21.50292,91.51332099999999,74.911034
2009-10-22,21.511009,92.443443,74.54483
2009-10-23,22.667866,91.38649000000001,73.98380999999999
2009-10-26,23.201795999999998,90.397217,73.025391
2009-10-27,23.128989999999998,89.982864,74.02282
2009-10-28,22.667866,88.283333,74.373421
2009-10-29,22.82966,90.177361,73.56307199999999
2009-10-30,22.433258,87.564621,74.630569
2009-11-02,22.554604,88.20725300000001,74.300713
2009-11-03,22.271465,88.48628199999999,73.558052
2009-11-04,22.700224,88.714561,72.885811
2009-11-05,23.031907999999998,90.346451,72.885811
2009-11-06,23.072359,90.583229,72.95613900000001
2009-11-09,23.452581,92.64636999999999,73.04216
2009-11-10,23.468764999999998,92.66327700000001,72.909248
2009-11-11,23.557751,93.13678,73.214096
2009-11-12,23.751904999999997,92.189758,73.081215
2009-11-13,23.970335000000002,92.688629,73.417328
2009-11-16,23.897522,94.033051,74.277199
2009-11-17,24.376938,94.14298199999999,74.67588
2009-11-18,24.466317999999998,94.083771,74.23814399999999
2009-11-19,24.198175,92.857742,74.37105600000001
2009-11-20,24.068163000000002,92.527985,74.35539200000001
2009-11-23,24.328186,93.70330799999999,74.261589
2009-11-24,24.303804,93.847038,74.73062900000001
2009-11-25,24.206297,94.176796,75.074554
2009-11-27,23.743137,92.64636999999999,75.355972
2009-11-30,23.89752,92.959236,75.53578900000001
2009-12-01,24.385063,94.109169,74.694283
2009-12-02,24.198175,94.066856,74.757019
2009-12-03,24.238802,93.331238,73.980705
2009-12-04,24.360687,93.86395300000001,73.196495
2009-12-07,24.206297,93.7202,73.290642
2009-12-08,24.027538,92.680183,73.400398
2009-12-09,24.141293,93.026855,73.063164
2009-12-10,24.271309,93.55109399999999,72.224098
2009-12-11,24.255054,93.948494,72.216255
2009-12-14,24.466317999999998,94.59111800000001,72.302513
2009-12-15,24.393188000000002,94.151413,71.98101
2009-12-16,24.458197,94.295151,71.89471400000001
2009-12-17,24.051916000000002,93.162148,73.078911
2009-12-18,24.66946,93.689201,72.76519
2009-12-21,24.799477,94.641312,71.471298
2009-12-22,25.043242000000003,94.981346,71.071373
2009-12-23,25.124498000000003,95.168373,71.087059
2009-12-24,25.189503,95.61891899999999,70.349907
2009-12-28,25.327641,95.822952,70.153847
2009-12-29,25.506407,95.68692,70.616623
2009-12-30,25.157001,95.652901,71.080917
2009-12-31,24.766968,94.73484,70.742531
2010-01-04,25.148876,96.341499,70.67955
2010-01-05,25.157001,96.596519,71.135979
2010-01-06,25.002610999999998,96.66456600000001,70.183739
2010-01-07,24.742592000000002,97.072586,70.301765
2010-01-08,24.913232999999998,97.39563000000001,70.270325
2010-01-11,24.596332999999998,97.531631,69.884697
2010-01-12,24.433821,96.622025,71.080917
2010-01-13,24.661339,97.438126,70.25456199999999
2010-01-14,25.157001,97.70166,71.238342
2010-01-15,25.075747,96.605049,71.67905400000001
2010-01-19,25.270757999999997,97.81218,71.474396
2010-01-20,24.85635,96.817528,72.19845600000001
2010-01-21,24.385063,94.955849,72.529007
2010-01-22,23.531868,92.839127,72.403076
2010-01-25,23.824394,93.315147,72.072548
2010-01-26,23.970657,92.924118,72.09614599999999
2010-01-27,24.108797,93.366188,72.056763
2010-01-28,23.694384,92.295052,72.017433
2010-01-29,22.898075,91.291924,72.647026
2010-02-01,23.084957,92.711601,71.987564
2010-02-02,23.125591,93.83371,72.192909
2010-02-03,23.263727,93.366188,71.35575899999999
2010-02-04,22.621799,90.484337,72.485146
2010-02-05,22.768064000000003,90.671371,72.643089
2010-02-08,22.52429,90.016785,72.73788499999999
2010-02-09,22.759937,91.147408,72.011253
2010-02-10,22.743685,90.968918,71.324158
2010-02-11,22.849319,91.92100500000001,70.937149
2010-02-12,22.694933,91.84449000000001,71.229378
2010-02-16,23.143933999999998,93.289658,71.363701
2010-02-17,23.339857000000002,93.731697,70.55019399999999
2010-02-18,23.650082,94.284309,70.26589200000001
2010-02-19,23.486801,94.47979699999999,70.644974
2010-02-22,23.454148999999997,94.496796,70.352745
2010-02-23,23.1276,93.349159,71.450539
2010-02-24,23.372507000000002,94.207787,71.624298
2010-02-25,23.348024,94.08025400000001,72.027084
2010-02-26,23.405169,94.139732,72.398247
2010-03-01,23.690893,95.11734799999999,72.366524
2010-03-02,23.233727,95.380905,72.271469
2010-03-03,23.233727,95.46590400000001,72.089241
2010-03-04,23.372507000000002,95.754929,72.469559
2010-03-05,23.339857000000002,97.123581,71.518822
2010-03-08,23.372507000000002,97.140579,71.146469
2010-03-09,23.511293,97.30212399999999,71.1623
2010-03-10,23.650082,97.735649,70.98005699999999
2010-03-11,23.821514,98.14370699999999,71.241539
2010-03-12,23.894989000000002,98.152222,71.685234
2010-03-15,23.911312,98.177711,71.59015699999999
2010-03-16,23.976627,98.959808,72.16055300000001
2010-03-17,24.188873,99.546356,72.469559
2010-03-18,24.17255,99.495384,72.23183399999999
2010-03-19,24.156223,98.991745,72.30319200000001
2010-03-22,24.164385,99.520966,72.382416
2010-03-23,24.392967000000002,100.220947,72.041718
2010-03-24,24.205204000000002,99.73436,70.726555
2010-03-25,24.499095999999998,99.572189,70.274925
2010-03-26,24.213362,99.512428,70.473015
2010-03-29,24.156223,100.14411199999999,70.203682
2010-03-30,24.303176999999998,100.21238699999999,70.425476
2010-03-31,23.911312,99.870941,70.90880600000001
2010-04-01,23.805187,100.55385600000001,70.735359
2010-04-05,23.894989000000002,101.373276,69.558487
2010-04-06,23.935806,101.612289,69.669785
2010-04-07,23.960295000000002,101.031837,70.56043199999999
2010-04-08,24.425625,101.381821,70.592247
2010-04-09,24.768496,102.047623,70.759254
2010-04-12,24.752169,102.209824,71.133064
2010-04-13,24.858294,102.286636,71.363686
2010-04-14,25.160357,103.447548,70.862656
2010-04-15,25.20117,103.53289000000001,70.942184
2010-04-16,25.037891000000002,101.88544499999999,71.459091
2010-04-19,25.339951,102.269554,71.284111
2010-04-20,25.601185,103.18291500000001,71.538574
2010-04-21,25.576694,102.99511700000001,72.127045
2010-04-22,25.625679,103.302414,71.912346
2010-04-23,25.274639,103.976761,71.65790600000001
2010-04-26,25.397097,103.584106,71.737427
2010-04-27,25.184839,101.134293,72.74736
2010-04-28,25.233822,101.90250400000001,72.127045
2010-04-29,25.307299,103.16583299999999,72.429253
2010-04-30,24.931760999999998,101.415962,73.264229
2010-05-03,25.193005,102.73050699999999,73.168472
2010-05-04,24.597054,100.314796,74.48511500000001
2010-05-05,24.368482999999998,99.71729300000001,74.92408
2010-05-06,23.658241,96.40535,77.23824300000001
2010-05-07,23.029636,94.97130600000001,76.27265899999999
2010-05-10,23.625586,99.153915,74.692657
2010-05-11,23.576603,98.872238,74.501129
2010-05-12,24.03377,100.255081,73.934563
2010-05-13,23.870493,99.008812,74.421364
2010-05-14,23.617422,97.216255,75.714073
2010-05-17,23.625586,97.267471,75.43476899999999
2010-05-18,23.453379,95.94442,76.591904
2010-05-19,23.158163000000002,95.398094,76.847229
2010-05-20,22.231506,91.795906,78.467209
2010-05-21,22.010089999999998,93.13604699999999,78.546982
2010-05-24,21.542664000000002,91.941025,78.27561999999999
2010-05-25,21.378649,92.034912,78.658684
2010-05-26,20.509404999999997,91.480087,78.435242
2010-05-27,21.321251,94.544495,76.65572399999999
2010-05-28,21.157239999999998,93.357986,77.006851
2010-06-01,21.231052,91.787376,77.548126
2010-06-02,21.698470999999998,94.177444,76.811462
2010-06-03,22.026493,94.501823,76.250984
2010-06-04,21.149036,91.181297,78.300758
2010-06-07,20.739014,90.046013,78.901314
2010-06-08,20.59141,91.010612,78.508972
2010-06-09,20.328995000000003,90.524048,78.42086
2010-06-10,20.501205,93.170181,77.019615
2010-06-11,21.042435,93.62262,77.99651300000001
2010-06-14,20.91123,93.477509,77.59614599999999
2010-06-15,21.796885999999997,95.602959,77.275871
2010-06-16,21.583668,95.568802,77.71627
2010-06-17,21.624666,95.722435,78.348824
2010-06-18,21.68207,95.82624100000001,78.220711
2010-06-21,21.280245,95.551773,77.99651300000001
2010-06-22,21.132639,93.973709,78.92534599999999
2010-06-23,20.755417,93.682114,79.461777
2010-06-24,20.501205,92.129715,78.989403
2010-06-25,20.115782,92.515663,79.30965400000001
2010-06-28,19.935369,92.224098,80.054344
2010-06-29,19.115318,89.37665600000001,80.927071
2010-06-30,18.869308,88.527557,81.471542
2010-07-01,18.992314999999998,88.133034,81.600082
2010-07-02,19.082516000000002,87.652733,80.949547
2010-07-06,19.533545999999998,88.227386,81.616104
2010-07-07,19.927166,91.00619499999999,80.66038499999999
2010-07-08,20.017376000000002,91.906738,80.146362
2010-07-09,19.902561,92.592865,79.68856
2010-07-12,20.361794,92.652885,79.656456
2010-07-13,20.607805,94.05088,78.97378499999999
2010-07-14,20.862023999999998,94.04231300000001,79.768875
2010-07-15,20.919426,94.068031,80.564026
2010-07-16,20.410999,91.477913,80.957542
2010-07-19,20.68981,92.01825,80.459579
2010-07-20,20.894827,93.038841,80.58006999999999
2010-07-21,20.599613,91.829559,81.945419
2010-07-22,21.190044,93.879326,80.99771899999999
2010-07-23,21.165442000000002,94.694138,80.138329
2010-07-26,21.403254999999998,95.68044300000001,80.001785
2010-07-27,21.452457,95.671875,79.230766
2010-07-28,21.280245,95.05435899999999,79.487785
2010-07-29,21.345854,94.59123199999999,79.46369200000001
2010-07-30,21.165442000000002,94.574043,80.700508
2010-08-02,21.591869,96.709625,79.56765
2010-08-03,21.452457,96.24649000000001,80.02693199999999
2010-08-04,21.099834,96.88974,79.414589
2010-08-05,20.804617,96.78684200000001,79.78520999999999
2010-08-06,20.95223,96.392288,80.65541800000001
2010-08-09,21.001429,96.906898,80.357292
2010-08-10,20.558605,96.383705,80.526482
2010-08-11,20.386392999999998,93.742149,81.60620899999999
2010-08-12,20.082979,93.167496,81.404762
2010-08-13,20.009172,92.89304399999999,82.41999799999999
2010-08-16,20.091179,92.85015899999999,84.482727
2010-08-17,20.371482999999998,93.990845,83.999268
2010-08-18,20.46217,94.16239200000001,84.22492199999999
2010-08-19,20.148884,92.52424599999999,85.53825400000001
2010-08-20,19.975763,92.224098,85.441551
2010-08-23,20.016981,91.872452,85.45766400000001
2010-08-24,19.819122,90.50876600000001,86.827461
2010-08-25,19.868585999999997,90.86039699999999,86.545433
2010-08-26,19.637745000000002,90.251465,87.35923000000001
2010-08-27,19.72843,91.649445,84.885582
2010-08-30,19.489349,90.320061,86.513199
2010-08-31,19.349201,90.320061,87.472061
2010-09-01,19.703692999999998,93.021675,85.663414
2010-09-02,19.736677,93.88793199999999,84.758278
2010-09-03,20.025225,95.105804,83.707695
2010-09-07,19.753162,94.033745,85.421013
2010-09-08,19.72843,94.694138,84.742134
2010-09-09,19.794388,95.13153100000001,83.069305
2010-09-10,19.662474,95.611824,82.689453
2010-09-13,20.70125,96.67532299999999,83.093544
2010-09-14,20.6353,96.61529499999999,83.893623
2010-09-15,20.709497,96.984085,82.649033
2010-09-16,20.882624,96.95835100000001,81.832802
2010-09-17,20.791937,96.994576,82.16415400000001
2010-09-20,20.965065,98.477631,82.640945
2010-09-21,20.734228,98.279327,83.788513
2010-09-22,20.289038,97.796448,84.540123
2010-09-23,20.140648000000002,97.003197,84.782524
2010-09-24,20.429192999999998,99.003624,83.643059
2010-09-27,20.387974,98.529358,85.09770999999999
2010-09-28,20.34675,98.874275,85.679604
2010-09-29,20.198353,98.701828,85.324005
2010-09-30,20.190107,98.408638,85.267395
2010-10-01,20.099426,98.822548,84.855362
2010-10-04,19.711942999999998,98.081001,85.074364
2010-10-05,20.07469,100.05555,84.563339
2010-10-06,20.140648000000002,100.04692800000001,85.625969
2010-10-07,20.223085,99.926201,84.912155
2010-10-08,20.256063,100.486694,84.539001
2010-10-11,20.272551999999997,100.581535,84.555222
2010-10-12,20.470411,100.89194499999999,83.719734
2010-10-13,20.890867,101.676582,83.589958
2010-10-14,20.800182,101.279945,82.340744
2010-10-15,21.055757999999997,101.48691600000001,81.334923
2010-10-18,21.286591,101.98700699999999,81.991974
2010-10-19,20.693003,100.650513,82.486786
2010-10-20,20.866137,101.633484,82.665215
2010-10-21,20.956820999999998,101.85764300000001,81.683723
2010-10-22,20.923842999999998,102.047363,82.235321
2010-10-25,20.767204,102.349144,82.470558
2010-10-26,21.352543,102.366371,81.196999
2010-10-27,21.4762,102.073219,80.483177
2010-10-28,21.665823,102.09045400000001,80.702225
2010-10-29,21.98735,102.168068,81.456642
2010-11-01,22.218191,102.20255300000001,81.10588100000001
2010-11-02,22.580932999999998,103.013054,82.171883
2010-11-03,22.284142000000003,103.426964,80.495613
2010-11-04,22.374832,105.418777,81.122139
2010-11-05,22.135748,105.815399,79.730644
2010-11-08,22.102766,105.617073,80.088707
2010-11-09,22.218191,104.85829199999999,78.322891
2010-11-10,22.209944,105.28079199999999,78.428673
2010-11-11,21.995594,104.88413200000001,78.387978
2010-11-12,21.657579000000002,103.642525,77.964836
2010-11-15,21.599871,103.495918,76.33731800000001
2010-11-16,21.40909,101.88353000000001,78.23335300000001
2010-11-17,21.210014,101.935257,77.80210100000001
2010-11-18,21.433971,103.435577,78.119431
2010-11-19,21.309553,103.720139,78.599533
2010-11-22,21.34273,103.633881,78.933174
2010-11-23,20.836742,102.133583,79.323769
2010-11-24,21.044117,103.642525,77.907822
2010-11-26,20.944572,102.435356,78.990112
2010-11-29,20.994345000000003,102.745796,79.665581
2010-11-30,20.952866,102.168068,80.08054399999999
2010-12-01,21.599871,104.340942,78.300446
2010-12-02,22.304935,105.67741399999998,78.096275
2010-12-03,22.412767000000002,105.961983,77.483902
2010-12-06,22.263462,105.849876,78.578087
2010-12-07,22.288347,105.910225,76.895943
2010-12-08,22.586962,106.29825600000001,76.152893
2010-12-09,22.462538000000002,106.71212,76.52849599999999
2010-12-10,22.678202,107.33296200000001,76.063057
2010-12-13,22.603552,107.401932,76.348839
2010-12-14,22.910463,107.496773,75.23831899999999
2010-12-15,23.101246,107.005302,74.25843
2010-12-16,23.217369,107.626129,74.772865
2010-12-17,23.142717,107.741409,76.136574
2010-12-20,23.068062,108.001434,76.054863
2010-12-21,23.28373,108.68618799999999,76.585655
2010-12-22,23.383274,109.024231,76.038536
2010-12-23,23.474516,108.868225,75.883392
2010-12-27,23.28373,108.911552,76.561134
2010-12-28,23.233960999999997,109.067574,75.061691
2010-12-29,23.200781,109.14558400000001,76.33171800000001
2010-12-30,23.101246,108.97224399999999,76.274376
2010-12-31,23.151011999999998,108.998245,77.118317
2011-01-03,23.209078,110.12506100000002,76.536598
2011-01-04,23.300323000000002,110.064392,76.626717
2011-01-05,23.225672,110.636459,74.938858
2011-01-06,23.905846,110.419754,75.266548
2011-01-07,23.723364,110.20306399999998,75.668068
2011-01-10,23.408154999999997,110.064392,76.077736
2011-01-11,23.31691,110.45444499999999,75.651657
2011-01-12,23.681883,111.45124799999999,75.061691
2011-01-13,23.383274,111.269226,75.73362
2011-01-14,23.474516,112.075325,75.250175
2011-01-18,23.773127,112.26601399999998,74.89788100000001
2011-01-19,23.615528,111.16520700000001,75.438629
2011-01-20,23.515991,111.01783799999998,74.398041
2011-01-21,23.242262,111.269226,74.98799100000001
2011-01-24,23.540869,111.90196200000001,75.020729
2011-01-25,23.598934,111.96264599999999,75.73362
2011-01-26,23.872667,112.396042,74.58651
2011-01-27,23.947323,112.673424,74.92242399999999
2011-01-28,23.018297,110.705803,75.315758
2011-01-31,23.001704999999998,111.537903,74.74221800000001
2011-02-01,23.217369,113.32348600000002,74.37215400000001
2011-02-02,23.175895999999998,113.106796,74.388611
2011-02-03,22.935343,113.35817,73.771904
2011-02-04,23.034887,113.67886399999999,73.023659
2011-02-07,23.391560000000002,114.389641,73.401901
2011-02-08,23.457924,114.90974399999999,72.727676
2011-02-09,23.200781,114.649689,73.360794
2011-02-10,22.810925,114.693008,72.513901
2011-02-11,22.603552,115.377769,73.558144
2011-02-14,22.586962,115.655151,73.607452
2011-02-15,22.495173,115.29110700000001,73.93639399999999
2011-02-16,22.545244,116.01923400000001,73.697891
2011-02-17,22.703777,116.36590600000001,73.813004
2011-02-18,22.578623,116.60861200000001,73.582825
2011-02-22,22.186451,114.26828799999998,74.684624
2011-02-23,22.186451,113.566216,74.955978
2011-02-24,22.336641,113.488174,75.432877
2011-02-25,22.153074,114.701683,75.876938
2011-02-28,22.178112,115.412453,75.975555
2011-03-01,21.827667,113.488174,76.195786
2011-03-02,21.760918,113.730911,75.024422
2011-03-03,21.861042,115.689819,74.29026800000001
2011-03-04,21.652449,114.823051,74.908974
2011-03-07,21.460537,113.92158500000001,74.430534
2011-03-08,21.619068,114.918396,73.976845
2011-03-09,21.602379,114.753716,74.694458
2011-03-10,21.201874,112.630051,75.948318
2011-03-11,21.427158,113.41018700000001,75.519386
2011-03-14,21.435499,112.725403,75.486374
2011-03-15,21.185181,111.433899,76.616524
2011-03-16,20.684557,109.37096399999999,77.482635
2011-03-17,20.676207,110.818504,76.888725
2011-03-18,20.6929,111.221535,77.094933
2011-03-21,21.135122,112.94523600000001,76.641251
2011-03-22,21.11009,112.553482,76.89696500000001
2011-03-23,21.310347,112.87561000000001,76.797989
2011-03-24,21.535626999999998,113.955078,76.220528
2011-03-25,21.3771,114.30329099999999,76.030815
2011-03-28,21.201874,114.02473400000001,76.13803100000001
2011-03-29,21.268623,114.79081699999999,75.552368
2011-03-30,21.368748,115.583023,76.154556
2011-03-31,21.185181,115.4263,75.997826
2011-04-01,21.260282999999998,115.913803,76.367264
2011-04-04,21.318686,116.00956000000001,76.45010400000001
2011-04-05,21.510595000000002,115.992172,76.14361600000001
2011-04-06,21.819319,116.35781100000001,75.000488
2011-04-07,21.861042,116.061806,74.85141800000001
2011-04-08,21.752573,115.66136200000001,74.453743
2011-04-11,21.677477,115.313171,74.520004
2011-04-12,21.393782,114.451279,75.32351700000001
2011-04-13,21.385435,114.44258899999998,75.795731
2011-04-14,21.210214999999998,114.529625,75.737724
2011-04-15,21.168497,114.94751699999999,76.76487
2011-04-18,20.926527,113.65909599999999,76.938828
2011-04-19,20.984935999999998,114.312004,77.27018000000001
2011-04-20,21.493911999999998,115.8703,76.77317
2011-04-21,21.293654999999998,116.462273,76.706886
2011-04-25,21.368748,116.34039299999999,76.996849
2011-04-26,21.852701,117.341522,77.742386
2011-04-27,22.011236,118.107597,76.947098
2011-04-28,22.286583,118.490646,77.535271
2011-04-29,21.627411,118.76923400000001,77.775482
2011-05-02,21.410469,118.58643300000001,77.900276
2011-05-03,21.535626999999998,118.15985900000001,78.341202
2011-05-04,21.744226,117.37634299999999,78.690605
2011-05-05,21.518942000000003,116.314247,79.43933100000001
2011-05-06,21.585698999999998,116.82791100000001,79.089935
2011-05-09,21.552317000000002,117.28056299999999,79.006737
2011-05-10,21.418817999999998,118.28171499999999,78.441017
2011-05-11,21.160152,117.036842,78.890244
2011-05-12,21.12678,117.593994,78.391144
2011-05-13,20.884804000000003,116.688622,79.098213
2011-05-16,20.500982,115.948624,79.53915400000001
2011-05-17,20.593376,115.93125900000001,80.354401
2011-05-18,20.736147,116.96719399999999,79.289558
2011-05-19,20.761341,117.24575800000001,79.256325
2011-05-20,20.568172,116.314247,79.29789
2011-05-23,20.299419,114.96491999999999,79.680595
2011-05-24,20.282623,114.869156,79.980049
2011-05-25,20.316219,115.252228,79.605698
2011-05-26,20.719343,115.78324099999999,80.287865
2011-05-27,20.794937,116.227226,80.254601
2011-05-31,21.004901999999998,117.437271,80.437599
2011-06-01,20.517782,114.79953,81.524742
2011-06-02,20.341413,114.67761999999999,79.97174100000001
2011-06-03,20.081055,113.53723899999999,80.430931
2011-06-06,20.165036999999998,112.33586899999999,79.821434
2011-06-07,20.207031,112.266228,80.188812
2011-06-08,20.106251,111.79612,80.815025
2011-06-09,20.123047,112.649239,80.489334
2011-06-10,19.913082,111.08226,81.10724599999999
2011-06-13,20.190233,111.16931899999999,80.698112
2011-06-14,20.341413,112.57959699999999,79.479111
2011-06-15,19.93828,110.577347,80.923569
2011-06-16,20.156639000000002,110.821114,81.29095500000001
2011-06-17,20.375007999999998,111.151817,80.906853
2011-06-20,20.551373,111.720474,81.00705699999999
2011-06-21,20.794937,113.25149499999999,80.648026
2011-06-22,20.702548999999998,112.569084,80.698112
2011-06-23,20.685755,112.245399,81.315979
2011-06-24,20.408598,110.941841,80.973648
2011-06-27,21.164476,111.930435,79.863182
2011-06-28,21.66839,113.39146399999998,79.220268
2011-06-29,21.517216,114.362595,78.694244
2011-06-30,21.836361,115.45614599999999,78.569016
2011-07-01,21.853161,117.162117,78.443329
2011-07-05,21.861557,117.065872,78.61925500000001
2011-07-06,22.113514000000002,117.20587900000001,79.021439
2011-07-07,22.483055,118.421951,78.78684200000001
2011-07-08,22.609032,117.582085,79.901093
2011-07-11,22.365475,115.45614599999999,81.099152
2011-07-12,22.28989,114.957481,81.375626
2011-07-13,22.365475,115.3424,81.601822
2011-07-14,22.231094,114.54628799999999,80.437302
2011-07-15,22.491453,115.21116599999999,80.57135
2011-07-18,22.331877,114.266319,79.792183
2011-07-19,23.129745,116.121048,81.45101899999999
2011-07-20,22.726612,116.051033,80.487572
2011-07-21,22.760208,117.660812,79.867592
2011-07-22,23.121346,117.739548,80.470772
2011-07-25,23.440496,117.08339699999999,79.59111800000001
2011-07-26,23.583269,116.64596599999999,80.135681
2011-07-27,22.953375,114.25756799999999,80.144081
2011-07-28,23.280918,113.92511,80.445679
2011-07-29,23.012167,113.1465,82.037491
2011-08-01,22.902981,112.66532099999999,82.86545600000001
2011-08-02,22.508253,109.787003,85.353615
2011-08-03,22.609032,110.38192,85.52172900000001
2011-08-04,21.785971,105.211472,88.564674
2011-08-05,21.567612,105.05398600000001,86.009293
2011-08-08,20.559773999999997,98.21254,88.724388
2011-08-09,21.483622,102.77934300000001,88.993378
2011-08-10,20.324617,98.238785,91.641251
2011-08-11,21.156075,102.648094,87.01799
2011-08-12,21.080485999999997,103.339241,88.741219
2011-08-15,21.424829000000003,105.526421,87.841759
2011-08-16,21.424829000000003,104.62530500000001,89.29600500000001
2011-08-17,21.340315,104.69528199999999,90.85949699999999
2011-08-18,20.850119,100.18096899999999,92.72558599999999
2011-08-19,20.326122,98.544983,93.473724
2011-08-22,20.266962,98.623734,93.23835799999999
2011-08-23,20.892378,101.869461,91.952271
2011-08-24,21.044504,103.304245,89.33799
2011-08-25,20.765601999999998,101.729469,90.30471800000001
2011-08-26,21.340315,103.208,91.195709
2011-08-29,21.838964,106.17381999999999,89.93490600000001
2011-08-30,22.168575,106.453773,91.380661
2011-08-31,22.481282999999998,106.926201,89.968437
2011-09-01,22.151670000000003,105.806374,91.875618
2011-09-02,21.805153,103.10301199999999,94.860252
2011-09-06,21.560057,102.350639,95.846733
2011-09-07,21.97419,105.23770900000001,94.017166
2011-09-08,22.160118,104.144127,94.860252
2011-09-09,21.75444,101.414536,95.872047
2011-09-12,21.881218,102.070686,95.973236
2011-09-13,22.007994,103.006813,94.607353
2011-09-14,22.396765,104.43283100000001,95.408333
2011-09-15,22.810894,106.23503899999999,93.94973
2011-09-16,22.920769,106.86381499999999,94.63266800000001
2011-09-19,22.996838,105.799751,96.43695100000001
2011-09-20,22.802443,105.67662800000001,96.841629
2011-09-21,21.965734,102.563576,100.045517
2011-09-22,21.179733,99.24826,103.805901
2011-09-23,21.179733,99.846245,101.875107
2011-09-26,21.500895,102.22062700000001,100.239403
2011-09-27,21.695286,103.363838,98.704948
2011-09-28,21.619221,101.253288,98.671227
2011-09-29,21.50935,102.053528,99.354156
2011-09-30,21.036054999999998,99.503304,101.84983100000001
2011-10-03,20.7318,96.671661,104.65274000000001
2011-10-04,21.416377999999998,98.79098499999999,103.325653
2011-10-05,21.881218,100.62014,102.58183299999999
2011-10-06,22.261539000000003,102.440483,100.688438
2011-10-07,22.185472,101.75456199999999,99.944572
2011-10-10,22.768641,105.157784,98.53302
2011-10-11,22.819349,105.263329,98.203369
2011-10-12,22.785542,106.18668400000001,96.77481800000001
2011-10-13,22.971476000000003,105.975647,97.73844100000001
2011-10-14,23.047539,107.78716999999999,96.318382
2011-10-17,22.802443,105.729408,97.983566
2011-10-18,23.081345000000002,107.795975,97.374954
2011-10-19,22.929216,106.520844,97.341148
2011-10-20,22.853153,106.986946,96.64805600000001
2011-10-21,22.954570999999998,109.01833300000001,95.625252
2011-10-24,22.979929000000002,110.355011,95.785866
2011-10-25,22.65877,108.209282,98.220261
2011-10-26,22.47283,109.30854,96.504372
2011-10-27,23.030635999999998,113.116302,93.233147
2011-10-28,22.802443,113.08991999999999,94.213699
2011-10-31,22.506636,110.3638,97.94973
2011-11-01,21.965734,107.28593400000001,101.228531
2011-11-02,21.982637,109.035904,99.965851
2011-11-03,22.422119,111.023354,98.592987
2011-11-04,22.185472,110.346207,98.711624
2011-11-07,22.650312,111.03211200000001,99.338737
2011-11-08,22.954570999999998,112.456726,98.067566
2011-11-09,22.143221,108.30600700000001,100.10144
2011-11-10,22.210831,109.326118,98.609909
2011-11-11,22.74328,111.383904,98.008247
2011-11-14,22.616507000000002,110.328621,99.584503
2011-11-15,22.769781,110.873833,99.448898
2011-11-16,22.199263000000002,109.115059,100.355705
2011-11-17,21.747951999999998,107.382668,101.160782
2011-11-18,21.543589,107.26834099999999,101.13533000000001
2011-11-21,21.28813,105.228149,101.737053
2011-11-22,21.109306,104.814835,102.872612
2011-11-23,20.836817,102.502045,103.881111
2011-11-25,20.692062,102.308548,102.37262700000001
2011-11-28,21.177429,105.27211799999999,102.321754
2011-11-29,21.151882,105.57112099999999,101.482811
2011-11-30,21.782014999999998,109.915306,99.898041
2011-12-01,21.526557999999998,109.897705,99.39679
2011-12-02,21.475464000000002,109.80101,100.790077
2011-12-05,21.884195000000002,110.99695600000001,100.586189
2011-12-06,21.850142,111.03211200000001,99.62616700000001
2011-12-07,21.799046,111.445457,99.982986
2011-12-08,21.628735,109.00073200000001,101.231842
2011-12-09,21.884195000000002,110.847473,99.150452
2011-12-12,21.722407999999998,109.22938500000001,100.254852
2011-12-13,21.935287,108.209282,101.18935400000001
2011-12-14,21.790531,107.05728899999998,103.100838
2011-12-15,21.764979999999998,107.444229,102.718544
2011-12-16,22.139651999999998,107.60351599999998,103.916397
2011-12-19,21.739437,106.453033,105.23319199999999
2011-12-20,22.165198999999998,109.674355,102.608124
2011-12-21,21.935287,109.886742,101.18085500000001
2011-12-22,21.977860999999997,110.860207,101.605637
2011-12-23,22.165198999999998,111.851372,100.47575400000001
2011-12-27,22.173714,111.93988,100.95303299999999
2011-12-28,21.986376,110.47081000000001,102.819519
2011-12-29,22.156682999999997,111.61241100000001,103.007042
2011-12-30,22.105593,111.063759,103.339394
2012-01-03,22.795326,112.833694,101.78827700000001
2012-01-04,23.331791,113.010681,100.578026
2012-01-05,23.570217,113.31154599999999,100.39904
2012-01-06,23.936375,113.019524,101.191643
2012-01-09,23.621305,113.293869,101.01268
2012-01-10,23.706455,114.276176,100.84221600000001
2012-01-11,23.60428,114.338127,102.154762
2012-01-12,23.842705,114.61248,102.009834
2012-01-13,24.055588,114.019547,103.024055
2012-01-17,24.064098,114.462029,103.50135
2012-01-18,24.038555,115.727539,102.248489
2012-01-19,23.944885,116.33818799999999,100.84221600000001
2012-01-20,25.298810999999997,116.771782,99.70015699999999
2012-01-23,25.315845,116.470909,99.069496
2012-01-24,24.983749,116.33818799999999,99.248459
2012-01-25,25.171083,117.311623,99.009827
2012-01-26,25.119987,116.709892,100.322357
2012-01-27,24.890079,116.65676100000002,100.63768
2012-01-30,25.213661,116.25848400000001,101.822357
2012-01-31,25.145538000000002,116.21428700000001,102.99850500000001
2012-02-01,25.452087,117.23198700000002,101.81868
2012-02-02,25.503176,117.417824,101.775932
2012-02-03,25.750120000000003,119.06384299999999,99.58890500000001
2012-02-06,25.716057,118.98423799999999,100.57991
2012-02-07,25.843788,119.28511,99.332603
2012-02-08,26.107758999999998,119.63911399999999,99.409515
2012-02-09,26.201431,119.789551,98.66617600000001
2012-02-10,25.971519,118.90461,99.947716
2012-02-13,26.039639,119.789551,100.075836
2012-02-14,25.928210999999997,119.63911399999999,100.605522
2012-02-15,25.756785999999998,119.081581,100.426117
2012-02-16,26.819634999999998,120.40016200000001,99.623085
2012-02-17,26.785343,120.71875800000001,99.597435
2012-02-21,26.948196000000003,120.771873,98.495369
2012-02-22,26.802488,120.382507,99.734123
2012-02-23,26.888196999999998,120.913467,99.734123
2012-02-24,26.982478999999998,121.178917,100.383392
2012-02-27,26.871056,121.382492,101.271912
2012-02-28,27.316763,121.736443,100.938751
2012-02-29,27.205339000000002,121.258606,100.32358599999999
2012-03-01,27.676762,121.886948,99.379143
2012-03-02,27.496767,121.51521299999999,100.312485
2012-03-05,27.256762,121.019653,99.51615100000001
2012-03-06,27.051058,119.249702,100.723457
2012-03-07,27.29105,120.081566,100.106987
2012-03-08,27.436764,121.27626799999999,99.10508
2012-03-09,27.419621999999997,121.74530800000001,99.302071
2012-03-12,27.462475,121.754181,99.28495
2012-03-13,28.002470000000002,123.948898,97.538147
2012-03-14,28.088184000000002,123.816177,95.08065
2012-03-15,28.156747999999997,124.532974,95.226212
2012-03-16,27.942469,124.70540600000001,95.414612
2012-03-19,27.599611,125.194298,94.275719
2012-03-20,27.419621999999997,124.829895,94.652512
2012-03-21,27.351049,124.62545800000001,95.72287
2012-03-22,27.42819,123.727676,96.03112
2012-03-23,27.436764,124.127655,96.938766
2012-03-26,27.933901000000002,125.86979699999999,96.442116
2012-03-27,27.873897999999997,125.478706,97.135719
2012-03-28,27.591043,124.85656000000002,96.998688
2012-03-29,27.531044,124.643227,97.726517
2012-03-30,27.651042999999998,125.158745,96.073891
2012-04-02,27.676762,126.074272,96.606216
2012-04-03,27.376762,125.55871599999999,94.932137
2012-04-04,26.751059,124.31429299999999,96.237038
2012-04-05,27.016777,124.252113,96.932404
2012-04-09,26.656776,122.856613,99.19884499999999
2012-04-10,26.116787,120.794472,100.323425
2012-04-11,26.013924,121.77224,99.121567
2012-04-12,26.553921000000003,123.363235,98.70948800000001
2012-04-13,26.408205,121.896675,100.306282
2012-04-16,26.639629,121.816666,100.16037
2012-04-17,26.948196000000003,123.621017,100.100266
2012-04-18,26.691059000000003,123.20328500000001,100.392151
2012-04-19,26.579632,122.412201,100.486565
2012-04-20,27.788183,122.616653,100.50374599999999
2012-04-23,27.531044,121.58558700000002,101.233475
2012-04-24,27.359621,122.04779099999999,100.520935
2012-04-25,27.599611,123.71880300000001,100.005829
2012-04-26,27.522471999999997,124.58101699999999,100.60676600000001
2012-04-27,27.411045,124.785423,100.692596
2012-04-30,27.445339,124.323227,100.718338
2012-05-01,27.436764,125.09650400000001,100.195984
2012-05-02,27.256762,124.72323600000001,100.90168
2012-05-03,27.222478999999996,123.77214099999999,100.87586999999999
2012-05-04,26.553921000000003,121.77224,101.66757199999999
2012-05-07,26.271061,121.861107,101.684814
2012-05-08,26.142495999999998,121.372238,102.226936
2012-05-09,26.365349,120.65230600000001,102.295799
2012-05-10,26.348207000000002,120.901146,101.994598
2012-05-11,26.708202000000004,120.536705,102.837936
2012-05-14,26.296776,119.203461,104.275093
2012-05-15,26.063833,118.519035,104.6968
2012-05-16,25.796383,118.06574199999999,104.99798600000001
2012-05-17,25.641079,116.314697,106.85678899999999
2012-05-18,25.252848,115.319199,106.882622
2012-05-21,25.666965,117.301308,106.65886699999999
2012-05-22,25.675592,117.50576799999999,105.47130600000001
2012-05-23,25.114807,117.56796999999999,106.202789
2012-05-24,25.080296,117.799072,105.798309
2012-05-25,25.071663,117.416901,106.19416000000001
2012-05-29,25.503044,118.83901999999999,105.867157
2012-05-30,25.31324,117.11464699999999,108.552094
2012-05-31,25.183826,116.856895,109.80855600000001
2012-06-01,24.545382999999998,113.91481,112.41543600000001
2012-06-04,24.63166,113.861473,111.527199
2012-06-05,24.597153,114.723679,110.035316
2012-06-06,25.321861,117.301308,107.836372
2012-06-07,25.218335999999997,117.37241399999999,108.000229
2012-06-08,25.580688000000002,118.30571699999999,107.974342
2012-06-11,24.933624,116.80358100000001,108.46585800000001
2012-06-12,25.270101999999998,118.145721,107.47415900000001
2012-06-13,25.132057,117.390221,108.534874
2012-06-14,25.31324,118.63458999999999,108.396919
2012-06-15,25.899912,119.847908,109.000534
2012-06-18,25.744621,120.08020800000001,109.586929
2012-06-19,26.486588,121.24171399999999,108.155418
2012-06-20,26.685015000000003,121.04511299999999,108.69008600000001
2012-06-21,26.003443,118.329048,109.26783799999998
2012-06-22,26.486588,119.240372,107.81046299999998
2012-06-25,25.770498,117.32838400000001,109.37998200000001
2012-06-26,25.899912,117.91803700000001,108.948799
2012-06-27,26.029322,118.98126200000002,109.121284
2012-06-28,25.80501,118.64173899999999,109.38858799999998
2012-06-29,26.391684,121.599075,107.965736
2012-07-02,26.365796999999997,121.96539299999999,109.07966599999999
2012-07-03,26.538353000000004,122.769478,108.241386
2012-07-05,26.486588,122.21556100000001,108.794518
2012-07-06,26.046577,121.054077,109.805626
2012-07-09,25.882656,120.902184,110.773521
2012-07-10,25.65834,119.847908,110.99820700000001
2012-07-11,25.278727,119.865761,111.136513
2012-07-12,24.700678,119.285027,111.922913
2012-07-13,25.356377,121.28639199999999,111.62908200000001
2012-07-16,25.399510999999997,121.00043500000001,112.14760600000001
2012-07-17,25.589314,121.83136,111.26611299999999
2012-07-18,26.270901000000002,122.73373400000001,111.326637
2012-07-19,26.460707,123.055374,111.04142
2012-07-20,25.986187,121.92964199999999,112.39820900000001
2012-07-23,25.261471,120.696693,113.029091
2012-07-24,25.149319000000002,119.66026299999999,113.91918899999999
2012-07-25,24.873234,119.68708000000001,114.21303600000002
2012-07-26,25.157942000000002,121.66161299999999,113.16735800000001
2012-07-27,25.675592,123.904198,111.03276799999999
2012-07-30,25.572067,123.904198,111.862366
2012-07-31,25.4254,123.037552,112.08710500000001
2012-08-01,25.373625,122.930305,111.52678700000001
2012-08-02,25.183826,122.08157299999999,112.15895800000001
2012-08-03,25.666965,124.502831,110.34899899999999
2012-08-06,25.839520999999998,124.74403400000001,110.392288
2012-08-07,26.106972,125.369476,108.972031
2012-08-08,26.167364000000003,125.521332,108.39178500000001
2012-08-09,26.314034000000003,125.628571,108.31385800000001
2012-08-10,26.245014,125.834023,108.859398
2012-08-13,26.219131,125.77148400000002,108.67757399999999
2012-08-14,26.167021,125.78933700000002,107.205322
2012-08-15,26.227818,125.93231999999999,105.69846299999999
2012-08-16,26.731525,126.861519,104.797783
2012-08-17,26.835745000000003,127.031296,105.30875400000001
2012-08-20,26.696789000000003,127.04020700000001,105.52523799999999
2012-08-21,26.748891999999998,126.656029,105.99288200000001
2012-08-22,26.523096000000002,126.70965600000001,107.74227900000001
2012-08-23,26.279921999999996,125.673225,108.192574
2012-08-24,26.540460999999997,126.43267800000001,108.088654
2012-08-27,26.653368,126.459427,108.720848
2012-08-28,26.601260999999997,126.334373,108.980667
2012-08-29,26.618628,126.43267800000001,108.504326
2012-08-30,26.332031,125.521332,109.067291
2012-08-31,26.766265999999998,126.119965,110.608795
2012-09-04,26.39283,126.00378400000001,110.49774199999999
2012-09-05,26.39283,125.89659099999999,109.976997
2012-09-06,27.226554999999998,128.451874,108.145821
2012-09-07,26.879171000000003,128.95216399999998,107.642403
2012-09-10,26.679416999999997,128.219528,107.902763
2012-09-11,26.740211,128.57698100000002,107.22584499999999
2012-09-12,26.731525,129.005783,105.88930500000001
2012-09-13,26.87048,130.971436,105.47269399999999
2012-09-14,27.104967,131.552124,102.669464
2012-09-17,27.104967,131.105438,103.901878
2012-09-18,27.078917999999998,130.99823,104.422585
2012-09-19,26.966016999999997,131.069626,105.108253
2012-09-20,27.3134,131.078613,105.368622
2012-09-21,27.087601,131.02383400000002,105.490082
2012-09-24,26.731525,130.826187,106.31456000000001
2012-09-25,26.39283,129.434006,107.3647
2012-09-26,26.201759,128.706421,108.518951
2012-09-27,26.193073000000002,129.918991,107.746536
2012-09-28,25.845685999999997,129.3172,107.80727399999999
2012-10-01,25.611202,129.658508,108.20736699999999
2012-10-02,25.758842,129.793289,108.059532
2012-10-03,25.932539000000002,130.323227,108.094284
2012-10-04,26.080177,131.25737,106.746277
2012-10-05,25.923851000000003,131.26634199999998,105.36348000000001
2012-10-08,25.863056,130.81724499999999,106.250565
2012-10-09,25.428825,129.523788,106.059219
2012-10-10,25.16828,128.697418,106.807175
2012-10-11,25.142229,128.76928700000002,107.54639399999999
2012-10-12,25.359341,128.347137,107.81601699999999
2012-10-15,25.628571,129.416046,107.57251000000001
2012-10-16,25.611202,130.72738600000002,106.085342
2012-10-17,25.69805,131.32023600000002,105.10257
2012-10-18,25.619888,130.978912,104.45899200000001
2012-10-19,24.872995,128.796219,105.876572
2012-10-22,24.317181,128.814224,105.19821200000001
2012-10-23,24.360601000000003,127.02673300000001,106.70281200000001
2012-10-24,24.230335,126.667442,105.65043600000001
2012-10-25,24.212958999999998,127.035706,105.111267
2012-10-26,24.499559,126.963844,106.659302
2012-10-31,24.786156,126.963844,107.285477
2012-11-01,25.637255,128.293289,106.407082
2012-11-02,25.619888,127.15248899999999,106.328804
2012-11-05,25.732785999999997,127.41298700000002,106.928917
2012-11-06,25.932539000000002,128.41000400000001,105.920052
2012-11-07,25.255125,125.499779,107.842102
2012-11-08,25.020643,123.990715,109.442352
2012-11-09,25.038012,124.098541,109.564102
2012-11-12,24.508244,124.19735,109.746742
2012-11-13,23.720195999999998,123.766182,110.11199199999999
2012-11-14,23.501291000000002,122.095482,110.21635400000001
2012-11-15,23.343685,121.888893,109.99893200000001
2012-11-16,23.2211,122.4907,109.903282
2012-11-19,23.404978,124.96981000000001,109.285812
2012-11-20,23.387466,125.023705,108.18998700000002
2012-11-21,23.597614,125.25724,108.129089
2012-11-23,24.254316,126.963844,108.02471200000001
2012-11-26,23.982874,126.69438899999999,108.53782700000001
2012-11-27,23.711443,126.047661,108.96398899999998
2012-11-28,23.956612,127.06271399999999,108.807442
2012-11-29,23.597614,127.655449,108.824852
2012-11-30,23.308664,127.682457,108.52916699999999
2012-12-03,23.142295999999998,127.05368,108.629349
2012-12-04,23.089767000000002,126.874001,109.25678300000001
2012-12-05,23.352438,127.09861000000001,109.20451399999999
2012-12-06,23.404978,127.529762,109.43976599999999
2012-12-07,23.168566000000002,127.916,108.428932
2012-12-10,23.588858,127.969849,108.908203
2012-12-11,23.921587,128.841141,108.08036799999999
2012-12-12,23.85154,128.904053,106.825546
2012-12-13,23.737709,128.113571,106.903999
2012-12-14,23.475025,127.63753500000001,107.70568100000001
2012-12-17,23.728951000000002,129.137573,106.09358999999999
2012-12-18,24.131726999999998,130.57470700000002,105.013046
2012-12-19,23.912828,129.604614,105.361595
2012-12-20,24.236803,130.350143,105.37903600000001
2012-12-21,24.035414000000003,129.166946,106.529274
2012-12-24,23.693928,128.768936,106.337547
2012-12-26,23.518808,128.226196,106.72008500000001
2012-12-27,23.606367000000002,128.054337,107.07813999999999
2012-12-28,23.24737,126.670273,107.68946100000001
2012-12-31,23.387466,128.823196,105.829315
2013-01-02,24.184267000000002,132.125,104.414536
2013-01-03,23.860291,131.826447,102.999718
2013-01-04,23.413732999999997,132.405396,103.401459
2013-01-07,23.369954999999997,132.043549,103.445137
2013-01-08,23.24737,131.663651,104.126343
2013-01-09,23.378708,131.998306,104.030266
2013-01-10,23.168566000000002,133.047699,103.74204300000001
2013-01-11,23.492538,133.03862,104.667755
2013-01-14,23.545074,132.948181,104.37956199999999
2013-01-15,23.825274,133.03862,104.859894
2013-01-16,23.67642,133.020523,105.07824699999999
2013-01-17,23.860291,133.879868,104.030266
2013-01-18,23.860291,134.178406,104.83371700000001
2013-01-22,23.772732,134.9021,105.03459199999999
2013-01-23,24.17551,135.119156,104.87738799999998
2013-01-24,24.193018,135.155365,104.510597
2013-01-25,24.411926,135.91523700000002,103.078316
2013-01-28,24.438194,135.752441,102.70281999999999
2013-01-29,24.525751,136.286118,102.135132
2013-01-30,24.385658,135.752441,101.96048
2013-01-31,24.035414000000003,135.41769399999998,102.45826
2013-02-01,24.455706,136.81076000000002,101.127892
2013-02-04,24.026660999999997,135.272995,102.42325600000001
2013-02-05,24.079199,136.638931,101.513008
2013-02-06,23.939098,136.738419,102.344482
2013-02-07,23.886564,136.55751,102.11692
2013-02-08,24.122974,137.317383,102.510757
2013-02-11,24.394413,137.290253,102.432014
2013-02-12,24.411926,137.516357,102.178177
2013-02-13,24.543264,137.633957,101.346695
2013-02-14,24.552027,137.760605,102.265732
2013-02-15,24.525751,137.597748,101.96815500000001
2013-02-19,24.764129999999998,138.629013,101.46048
2013-02-20,24.605210999999997,136.901245,101.76679200000001
2013-02-21,24.26973,136.069,102.361954
2013-02-22,24.508095,137.398773,102.432014
2013-02-25,24.163784,134.784515,104.445122
2013-02-26,24.163784,135.707153,103.841202
2013-02-27,24.552242,137.416855,103.534859
2013-02-28,24.543411,137.145477,103.727379
2013-03-01,24.675844,137.597748,104.29229000000001
2013-03-04,24.852413000000002,138.33050500000002,103.73966999999999
2013-03-05,25.028982,139.569748,103.44144399999999
2013-03-06,24.799442000000003,139.759735,102.502899
2013-03-07,24.843584,140.013046,101.71347800000001
2013-03-08,24.719982,140.610062,100.65216099999999
2013-03-11,24.605210999999997,141.143799,100.748642
2013-03-12,24.640524,140.827179,101.476662
2013-03-13,24.649353,141.02616899999998,101.371399
2013-03-14,24.843584,141.776962,101.06437700000001
2013-03-15,24.755299,141.589844,101.538033
2013-03-18,24.80827,140.808411,102.309929
2013-03-19,24.878897,140.481308,103.002892
2013-03-20,25.002499,141.462646,101.85382800000001
2013-03-21,24.817104,140.25415,102.83622700000001
2013-03-22,24.940697,141.380844,102.915176
2013-03-25,24.861242,140.79023700000002,102.81871
2013-03-26,24.861242,141.916901,102.941475
2013-03-27,25.046637,141.916901,103.818634
2013-03-28,25.258523999999998,142.353073,103.292351
2013-04-01,25.258523999999998,141.789734,104.07029
2013-04-02,25.426270000000002,142.489349,103.648384
2013-04-03,25.214382,141.044647,104.580177
2013-04-04,25.249697,141.617096,105.8284
2013-04-05,25.337984,140.981049,107.96444699999999
2013-04-08,25.240868,141.935104,107.138145
2013-04-09,26.141378,142.42576599999998,106.874466
2013-04-10,26.732901000000002,144.170288,105.40644099999999
2013-04-11,25.549868,144.642776,105.60862
2013-04-12,25.417442,144.28843700000002,107.18213700000001
2013-04-15,25.329159,140.94468700000002,108.113899
2013-04-16,25.576357,143.025467,107.22608899999999
2013-04-17,25.452753,140.93563799999998,107.93808700000001
2013-04-18,25.417442,140.05423000000002,108.20182
2013-04-19,26.282639,141.271805,107.97328200000001
2013-04-22,27.218467999999998,141.89871200000002,108.052361
2013-04-23,27.015411,143.361633,107.67438500000002
2013-04-24,28.039521999999998,143.452484,107.946877
2013-04-25,28.198439,144.034042,107.48098799999998
2013-04-26,28.066011,143.77958700000002,108.465515
2013-04-29,28.789953000000004,144.742722,108.069946
2013-04-30,29.222553,145.087982,108.131523
2013-05-01,28.88707,143.81591799999998,109.24237099999999
2013-05-02,29.275526,145.15159599999998,109.101372
2013-05-03,29.566862,146.62356599999998,106.529099
2013-05-06,29.796409999999998,146.996063,106.264801
2013-05-07,29.407953000000003,147.74115,105.850807
2013-05-08,29.125439,148.413544,106.01815
2013-05-09,28.834093,147.99556,105.745094
2013-05-10,28.860578999999998,148.477127,104.608719
2013-05-13,29.160751,148.595245,103.807068
2013-05-14,29.809760999999998,150.130814,102.679482
2013-05-15,30.094252,150.93948400000002,103.366585
2013-05-16,30.298731,150.230728,104.441322
2013-05-17,31.001083,151.68455500000002,103.11998
2013-05-20,31.187784000000004,151.675476,102.996643
2013-05-21,30.983299,151.893555,103.807068
2013-05-22,30.769934000000003,150.76681499999998,102.26548000000001
2013-05-23,30.360968,150.330704,102.749969
2013-05-24,30.467651,150.203506,102.890923
2013-05-28,31.134439,151.103058,100.28343199999999
2013-05-29,31.009978999999998,150.12171899999998,101.41100300000001
2013-05-30,31.14333,150.67601000000002,101.164345
2013-05-31,31.02775,148.513489,100.820763
2013-06-03,31.641192999999998,149.331253,101.354988
2013-06-04,31.107767,148.613403,100.418999
2013-06-05,30.921064,146.5327,101.805367
2013-06-06,31.081096999999996,147.859253,101.743523
2013-06-07,31.712318,149.740097,99.924461
2013-06-10,31.534506,149.740097,99.447639
2013-06-11,30.974407,148.19545,100.630913
2013-06-12,31.116665,146.968826,99.19156600000001
2013-06-13,30.867727000000002,149.204025,100.745728
2013-06-14,30.583231,148.268112,100.50729399999999
2013-06-17,31.116665,149.41304,99.97749300000001
2013-06-18,31.098871000000003,150.594193,100.030449
2013-06-19,30.752146000000003,148.513489,98.997276
2013-06-20,29.774193,144.833603,97.372505
2013-06-21,29.5786,145.298508,95.721222
2013-06-24,29.978678000000002,143.462524,96.118607
2013-06-25,29.934221,144.841812,95.262062
2013-06-26,30.53878,146.275894,95.88020300000001
2013-06-27,30.77882,147.134521,96.86036700000001
2013-06-28,30.707690999999997,146.53161599999999,97.522644
2013-07-01,30.547678,147.390274,97.719116
2013-07-02,30.174269,147.25325,97.657158
2013-07-03,30.2365,147.317184,97.365082
2013-07-05,30.414309999999997,148.90653999999998,94.04613499999999
2013-07-08,30.520996000000004,149.75604199999998,94.957726
2013-07-09,30.53878,150.833893,95.055077
2013-07-10,30.849949,150.888687,94.311638
2013-07-11,31.730099,152.943863,95.417969
2013-07-12,31.712318,153.00784299999998,95.33830999999999
2013-07-15,32.156834,153.592422,95.842773
2013-07-16,32.245754,153.016983,96.17028
2013-07-17,31.774555,153.409698,96.347267
2013-07-18,31.507849,154.250076,95.143578
2013-07-19,27.916082,154.524124,96.648186
2013-07-22,28.458406,154.825531,96.789825
2013-07-23,28.289486,154.496735,96.38266
2013-07-24,28.413953999999997,153.930389,95.16128499999999
2013-07-25,27.907194,154.304871,95.125923
2013-07-26,28.111677,154.46928400000002,95.710045
2013-07-29,28.040556,153.994293,95.010864
2013-07-30,28.316158,153.994293,94.975418
2013-07-31,28.307268,154.103928,95.32061
2013-08-01,28.156129999999997,155.885132,93.483932
2013-08-02,28.351721,156.150009,94.513184
2013-08-05,28.182803999999997,155.92163100000002,93.785599
2013-08-06,28.076115,155.03561399999998,94.060699
2013-08-07,28.502857000000002,154.533249,94.761627
2013-08-08,29.240768,155.099579,95.018959
2013-08-09,29.071844,154.651978,95.169777
2013-08-12,29.222984000000004,154.46928400000002,94.522064
2013-08-13,28.855909000000004,154.926025,93.15564
2013-08-14,28.963343,154.13133200000001,93.297585
2013-08-15,28.461972999999997,151.97563200000002,92.03768199999999
2013-08-16,28.470919,151.473267,91.718262
2013-08-19,28.103846,150.505066,90.91969300000001
2013-08-20,28.309765000000002,151.24491899999998,91.620644
2013-08-21,28.300815999999998,150.31317099999998,90.61805
2013-08-22,28.999157,151.68336499999998,91.540764
2013-08-23,31.112090999999996,152.19487,92.534531
2013-08-26,30.574904999999998,151.628555,92.99591099999999
2013-08-27,29.77808,149.18971299999998,94.16714499999999
2013-08-28,29.563206,149.719498,93.404083
2013-08-29,30.03772,149.956985,94.14939100000001
2013-08-30,29.903421,149.48199499999998,94.042946
2013-09-03,28.542553,150.157928,92.716507
2013-09-04,27.933735,151.40016200000002,92.511871
2013-09-05,27.960594,151.591995,91.22191600000001
2013-09-06,27.888971,151.66507,91.675652
2013-09-09,28.345578999999997,153.117447,91.720123
2013-09-10,28.999157,154.250076,91.07959699999999
2013-09-11,29.312517,154.734177,91.889145
2013-09-12,29.267752,154.323166,91.76461
2013-09-13,29.572159000000003,154.670227,92.12046099999999
2013-09-16,29.366238,155.56539899999999,91.506592
2013-09-17,29.48263,156.259613,92.262772
2013-09-18,29.831796999999998,158.06819199999998,93.401512
2013-09-19,30.118299,157.803299,92.84993
2013-09-20,29.357281,156.699966,93.339233
2013-09-23,29.312517,155.97483799999998,94.02424599999999
2013-09-24,29.052877000000002,155.60771200000002,95.038399
2013-09-25,29.106592,155.15791299999998,95.23410799999999
2013-09-26,29.339382,155.754578,94.56691
2013-09-27,29.787034999999996,155.03862,94.798233
2013-09-30,29.79598,154.212494,94.655869
2013-10-01,30.064584999999997,155.43331899999998,94.36865999999999
2013-10-02,30.368986,155.286453,94.511368
2013-10-03,30.315264000000003,153.854568,94.359756
2013-10-04,30.333171999999998,155.020264,94.288391
2013-10-07,29.813894,153.68014499999998,94.671936
2013-10-08,29.554253000000003,151.89032,94.69869200000001
2013-10-09,29.607969,152.000443,93.94052099999999
2013-10-10,30.225733,155.277252,94.092171
2013-10-11,30.556996999999996,156.27774,94.065384
2013-10-14,30.843506,156.901917,93.307243
2013-10-15,30.879313,155.763733,93.244804
2013-10-16,31.013610999999997,157.939087,94.41325400000001
2013-10-17,31.264294,158.994675,95.269547
2013-10-18,31.300102000000003,160.06854199999998,95.474686
2013-10-21,31.326965,160.077728,95.171432
2013-10-22,30.95989,161.004822,96.232864
2013-10-23,30.225733,160.233795,96.607445
2013-10-24,30.189923999999998,160.766129,96.232864
2013-10-25,31.989503999999997,161.500443,96.58962199999999
2013-10-28,31.846249,161.757446,96.25960500000001
2013-10-29,31.801486999999998,162.62027,96.384491
2013-10-30,31.819389,161.812531,95.80471800000001
2013-10-31,31.703004999999997,161.353607,96.009865
2013-11-01,31.810438,161.739136,94.970665
2013-11-04,32.177513,162.30818200000002,95.060089
2013-11-05,32.804241,161.794189,93.924255
2013-11-06,34.183014,162.62027,93.968964
2013-11-07,33.574203000000004,160.564209,94.764915
2013-11-08,33.82489,162.730423,92.484367
2013-11-11,33.654778,162.75798,92.135551
2013-11-12,33.448856,162.427536,92.564819
2013-11-13,34.165108000000004,163.730927,92.904678
2013-11-14,34.039768,164.54783600000002,93.47706600000001
2013-11-15,33.878605,165.263779,93.66489399999999
2013-11-18,33.305618,164.68551599999998,94.22833299999999
2013-11-19,33.143223,164.32751499999998,93.51284
2013-11-20,33.449944,163.813522,91.920898
2013-11-21,33.738613,165.135269,92.07294499999999
2013-11-22,33.891975,165.961349,92.931534
2013-11-25,33.955124,165.796143,93.199837
2013-11-26,33.693508,165.841995,93.548622
2013-11-27,33.919037,166.245895,93.38765
2013-11-29,34.397156,166.135727,93.414467
2013-12-02,34.685818,165.704346,92.687912
2013-12-03,34.559532,164.988373,93.028763
2013-12-04,35.12785,164.970047,92.140724
2013-12-05,34.279881,164.24491899999998,91.880585
2013-12-06,34.60463,166.080673,92.32012900000001
2013-12-09,34.920372,166.502884,92.53540799999999
2013-12-10,34.379115999999996,165.906265,93.199203
2013-12-11,33.928059000000005,164.042953,92.481575
2013-12-12,33.576244,163.50148000000002,92.131721
2013-12-13,33.098129,163.483078,92.58025400000001
2013-12-16,33.278549,164.501923,92.239388
2013-12-17,32.944767,163.978714,92.652016
2013-12-18,32.998894,166.778244,92.18555500000001
2013-12-19,32.701199,166.58551,92.095886
2013-12-20,33.197357000000004,167.554749,93.51313
2013-12-23,33.034973,168.449936,92.98391
2013-12-24,33.449944,168.81909199999998,92.239388
2013-12-26,33.774704,169.677307,91.883911
2013-12-27,33.639381,169.668091,91.62294
2013-12-30,33.639381,169.640396,92.252892
2013-12-31,33.747643,170.443298,91.66791500000001
2014-01-02,33.522118,168.809845,91.946922
2014-01-03,33.296593,168.78215,91.946922
2014-01-06,32.592949,168.293045,92.333893
2014-01-07,32.845531,169.32663,92.567871
2014-01-08,32.259159000000004,169.363571,92.315872
2014-01-09,32.051689,169.474335,92.855835
2014-01-10,32.511761,169.93573,93.962769
2014-01-13,31.555532,167.67472800000002,94.430763
2014-01-14,32.27721,169.501968,93.998795
2014-01-15,33.161266,170.415634,93.899803
2014-01-16,33.278549,170.194153,94.529724
2014-01-17,32.818474,169.474335,94.925713
2014-01-21,32.629028000000005,169.972672,94.99769599999999
2014-01-22,32.412529,170.08338899999998,94.76371800000001
2014-01-23,32.529808,168.68985,96.10464499999999
2014-01-24,33.206383,165.090698,96.725578
2014-01-27,32.502743,164.278564,96.050659
2014-01-28,32.719246000000005,165.256821,96.284622
2014-01-29,33.071059999999996,163.669525,97.076576
2014-01-30,33.251488,165.404449,96.797585
2014-01-31,34.135548,164.43551599999998,97.445549
2014-02-03,32.908684,160.734756,98.632896
2014-02-04,32.791409,161.860703,97.586304
2014-02-05,32.313293,161.657623,96.684044
2014-02-06,32.638058,163.78945900000002,96.269028
2014-02-07,32.980854,165.819778,96.35022
2014-02-10,33.197357000000004,166.12432900000002,96.62088
2014-02-11,33.531136,167.942368,96.061516
2014-02-12,33.801769,168.02539099999998,95.565269
2014-02-13,33.928059000000005,168.892899,96.10659
2014-02-14,33.937077,169.824997,96.160751
2014-02-18,34.009785,170.02801499999998,96.37730400000001
2014-02-19,34.091590999999994,168.902145,95.971283
2014-02-20,34.309715000000004,169.898804,95.736694
2014-02-21,34.518757,169.70498700000002,96.241966
2014-02-24,34.255188000000004,170.646332,95.998367
2014-02-25,34.118858,170.581741,96.85548399999999
2014-02-26,34.055233,170.59098799999998,97.36977399999999
2014-02-27,34.409690999999995,171.48616,97.902061
2014-02-28,34.818684000000005,171.91989099999998,97.956184
2014-03-03,34.336983000000004,170.71090700000002,98.610107
2014-03-04,34.909561,173.11038200000002,97.126869
2014-03-05,34.636909,173.267273,97.334854
2014-03-06,34.673266999999996,173.664078,96.37616700000001
2014-03-07,34.446040999999994,173.73793,95.77020999999999
2014-03-10,34.373340999999996,173.645615,95.905838
2014-03-11,34.555107,172.787354,96.159103
2014-03-12,34.78233,172.83351100000002,96.82839200000001
2014-03-13,34.436951,170.895508,98.130768
2014-03-14,34.264271,170.415634,98.148849
2014-03-17,34.582371,171.956802,97.416237
2014-03-18,35.945675,173.18421899999998,97.768974
2014-03-19,35.691193,172.261337,97.00927
2014-03-20,36.654594,173.267273,96.83743299999999
2014-03-21,36.500088,172.594864,97.88655899999999
2014-03-24,36.809093,171.881149,98.58296999999999
2014-03-25,36.663685,172.696854,98.212166
2014-03-26,36.163807,171.454758,98.98095699999999
2014-03-27,35.772991,171.093246,99.47835500000001
2014-03-28,36.627323,171.936798,98.91761
2014-03-31,37.254448,173.34570300000001,98.67340899999999
2014-04-01,37.645252,174.495071,97.830124
2014-04-02,37.581627000000005,175.079056,97.26795200000001
2014-04-03,37.272625,174.847336,97.694138
2014-04-04,36.236511,172.780258,98.347
2014-04-07,36.172897,170.870789,98.936417
2014-04-08,36.191067,171.57527199999998,99.172134
2014-04-09,36.78183,173.419846,98.682487
2014-04-10,35.772991,169.776993,99.59828900000001
2014-04-11,35.636662,168.247604,100.40535
2014-04-14,35.609394,169.57308999999998,100.14238
2014-04-15,36.127449,170.741028,100.76802099999999
2014-04-16,36.718216,172.529999,100.894966
2014-04-17,36.363754,172.770996,99.78872700000001
2014-04-21,36.300129,173.37348899999998,99.707115
2014-04-22,36.345573,174.161407,100.042625
2014-04-23,36.072914000000004,173.753555,100.613884
2014-04-24,36.227421,174.105789,100.80432900000001
2014-04-25,36.272869,172.67828400000002,100.949394
2014-04-28,37.145382,173.225204,100.459763
2014-04-29,36.818188,174.031631,100.32373
2014-04-30,36.718216,174.55071999999998,100.740845
2014-05-01,36.354659999999996,174.569229,101.821579
2014-05-02,36.072914000000004,174.31897,102.448746
2014-05-05,35.836613,174.652649,101.830696
2014-05-06,35.500336,173.132523,102.239693
2014-05-07,35.827518,174.152145,101.876114
2014-05-08,36.027473,173.966736,101.439835
2014-05-09,35.936584,174.226273,101.112579
2014-05-12,36.327396,175.922562,100.703568
2014-05-13,36.995552,176.080139,101.576141
2014-05-14,36.830807,175.245895,102.67600300000001
2014-05-15,36.245026,173.707214,103.494049
2014-05-16,36.45554,174.309723,103.20321700000001
2014-05-19,36.38232,174.949295,102.439674
2014-05-20,36.318241,173.846237,102.666916
2014-05-21,36.931484000000005,175.310791,102.03971899999999
2014-05-22,36.702659999999995,175.737167,101.894318
2014-05-23,36.720966,176.44165,102.439674
2014-05-27,36.785038,177.52616899999998,103.039589
2014-05-28,36.620293,177.396423,104.31218
2014-05-29,36.922337,178.314056,103.757698
2014-05-30,37.471493,178.601395,103.712227
2014-06-02,37.334209,178.805328,102.941261
2014-06-03,36.876568,178.712677,101.674538
2014-06-04,36.904022,179.074112,101.64720200000001
2014-06-05,37.718624,180.242065,101.692787
2014-06-06,37.965744,181.10415600000002,101.692787
2014-06-09,37.773544,181.289505,101.546974
2014-06-10,37.627098,181.308075,101.173302
2014-06-11,37.398277,180.677719,101.355568
2014-06-12,37.141998,179.39856,102.25778199999999
2014-06-13,37.736927,179.94548,102.203094
2014-06-16,37.984051,180.09375,102.45826
2014-06-17,38.148804,180.594315,101.64720200000001
2014-06-18,38.121349,181.919846,102.430916
2014-06-19,37.993198,182.123734,101.11865999999999
2014-06-20,38.148804,182.49321,101.884148
2014-06-23,38.432541,182.43731699999998,101.565208
2014-06-24,38.212872,181.338303,102.594955
2014-06-25,38.469151000000004,182.15791299999998,102.859215
2014-06-26,38.185413,182.027512,103.351357
2014-06-27,38.670517,182.381439,103.196426
2014-06-30,38.16711,182.28831499999998,103.451561
2014-07-01,38.322708,183.508408,102.585449
2014-07-02,38.35017,183.694656,101.489075
2014-07-03,38.258635999999996,184.59811399999998,101.12359599999999
2014-07-07,38.432541,183.95546000000002,101.86365500000001
2014-07-08,38.240334000000004,182.772629,103.005714
2014-07-09,38.139656,183.592209,103.087944
2014-07-10,38.157951000000004,182.86578400000002,103.115356
2014-07-11,38.524063,183.117249,103.773193
2014-07-14,38.569824,184.039307,103.32549300000001
2014-07-15,38.853573,183.694656,103.115356
2014-07-16,40.345473999999996,184.374603,103.66355899999999
2014-07-17,40.757346999999996,182.278992,104.970078
2014-07-18,40.90379,184.14176899999998,104.632042
2014-07-21,41.04108,183.79711899999998,105.152832
2014-07-22,41.031933,184.59811399999998,105.37211599999999
2014-07-23,41.068546000000005,185.007935,105.23506200000001
2014-07-24,40.638363,185.017212,104.449287
2014-07-25,40.729889,184.15106200000002,105.68276200000001
2014-07-28,40.244793,184.225555,105.53656000000001
2014-07-29,40.171566,183.433899,105.920273
2014-07-30,39.887833,183.461838,104.449287
2014-07-31,39.503414,179.838806,104.138657
2014-08-01,39.228836,179.289307,104.944809
2014-08-04,39.695621,180.583878,104.670006
2014-08-05,39.430199,178.832886,105.00891100000001
2014-08-06,39.118996,178.888824,105.07303600000002
2014-08-07,39.56749,177.920181,106.053238
2014-08-08,39.540034999999996,179.9785,105.824203
2014-08-11,39.540034999999996,180.500076,105.815079
2014-08-12,39.832912,180.248581,105.128014
2014-08-13,40.345473999999996,181.46868899999998,105.815079
2014-08-14,40.519379,182.325577,106.666992
2014-08-15,40.995315999999995,182.28831499999998,107.83041399999999
2014-08-18,41.288212,183.81575,106.758614
2014-08-19,41.748703000000006,184.77508500000002,106.42883300000001
2014-08-20,41.398727,185.268677,106.254776
2014-08-21,41.6474,185.808914,106.850227
2014-08-22,41.582924,185.52018700000002,107.44566299999998
2014-08-25,41.601345,186.460846,107.84873999999999
2014-08-26,41.453983,186.581924,107.50064099999999
2014-08-27,41.325047,186.507401,108.41667199999999
2014-08-28,41.334255,186.404984,108.98466499999999
2014-08-29,41.840809,186.935852,109.05792199999999
2014-09-02,41.527657,186.84274299999998,107.17663600000002
2014-09-03,41.40794,186.740265,107.77346000000001
2014-09-04,41.684238,186.4702,106.460495
2014-09-05,42.282887,187.308426,106.25849199999999
2014-09-08,42.798645,186.824112,106.30439799999999
2014-09-09,43.065727,185.641281,106.221733
2014-09-10,43.139408,186.339752,105.551506
2014-09-11,43.286762,186.55397,105.20259899999999
2014-09-12,43.010475,185.464294,104.10080699999999
2014-09-15,42.586815,185.3246,104.256874
2014-09-16,43.065727,186.72160300000002,103.834526
2014-09-17,42.844688,186.973083,103.568275
2014-09-18,42.99205,187.969681,103.898842
2014-09-19,43.765685999999995,187.800476,105.22096299999998
2014-09-22,43.342033,186.350113,105.34951799999999
2014-09-23,42.881535,185.283386,106.001419
2014-09-24,43.360451,186.733734,105.41377299999999
2014-09-25,42.402611,183.72070300000001,106.662476
2014-09-26,42.743384999999996,185.18043500000002,106.50639299999999
2014-09-29,42.771011,184.843552,107.36026799999999
2014-09-30,42.697323,184.35699499999998,106.75426499999999
2014-10-01,42.273682,181.858627,108.82435600000001
2014-10-02,42.144729999999996,181.886703,107.87631999999999
2014-10-03,42.448662,183.88914499999998,108.33653999999999
2014-10-06,42.448662,183.673935,108.400986
2014-10-07,41.932915,180.83866899999998,109.864471
2014-10-08,43.084152,184.00143400000002,109.89209
2014-10-09,42.227623,180.352097,109.41348300000001
2014-10-10,40.551411,178.29350300000002,110.49955700000001
2014-10-13,40.201439,175.36467,111.171494
2014-10-14,40.27512,175.63601699999998,111.898651
2014-10-15,39.805412,174.447662,112.78229499999999
2014-10-16,39.363331,174.297958,112.06433100000001
2014-10-17,40.183021999999994,176.356537,111.438423
2014-10-20,40.597458,178.068924,111.84346799999999
2014-10-21,41.334255,181.59664899999999,110.950607
2014-10-22,40.87376,180.305298,111.07023600000001
2014-10-23,41.4632,182.401321,110.085373
2014-10-24,42.4855,183.804932,110.195854
2014-10-27,42.282887,183.552292,110.398331
2014-10-28,42.817059,185.65768400000002,109.708008
2014-10-29,42.936787,185.376938,109.95648999999999
2014-10-30,42.411815999999995,186.565338,110.048561
2014-10-31,43.240722999999996,188.69880700000002,109.76321399999999
2014-11-03,43.692005,188.801727,109.76321399999999
2014-11-04,43.811733000000004,188.14671299999998,110.10463
2014-11-05,44.078823,189.335068,109.94778400000001
2014-11-06,44.852463,190.093018,109.23728200000001
2014-11-07,44.834042,190.27081299999998,110.49213400000001
2014-11-10,45.027451,190.869644,109.47718
2014-11-11,45.009026,191.05680800000002,109.550987
2014-11-12,44.926140000000004,190.850983,109.458717
2014-11-13,45.690563,191.066193,109.717087
2014-11-14,45.662937,191.113007,110.25225800000001
2014-11-17,45.552422,191.234589,109.97543300000001
2014-11-18,45.172428000000004,192.33876,110.279945
2014-11-19,44.690487,192.029999,109.578667
2014-11-20,45.135360999999996,192.366852,110.150749
2014-11-21,44.468056,193.396149,110.81508600000001
2014-11-24,44.106598,193.938843,110.90733300000001
2014-11-25,43.995377000000005,193.798508,111.830048
2014-11-26,44.25489,194.294449,112.13453700000001
2014-11-28,44.310497,193.882721,113.02030900000001
2014-12-01,45.061207,192.535263,112.360947
2014-12-02,44.912918,193.779785,111.269699
2014-12-03,44.560738,194.528366,111.704376
2014-12-04,45.265102,194.313141,112.638405
2014-12-05,44.875847,194.631302,111.98178899999999
2014-12-08,44.208553,193.330627,113.350471
2014-12-09,44.106598,193.199631,113.93308999999999
2014-12-10,43.467106,190.102402,114.765396
2014-12-11,43.717341999999995,191.066193,115.237
2014-12-12,43.513439,187.978271,116.79991100000001
2014-12-15,43.253933,186.686996,116.55946399999999
2014-12-16,41.854473,185.189804,118.00213600000001
2014-12-17,42.392014,188.820419,116.93860600000001
2014-12-18,44.041717999999996,193.4897,114.85788000000001
2014-12-19,44.171478,194.312912,116.402245
2014-12-22,44.468056,195.206757,116.55946399999999
2014-12-23,44.903659999999995,195.4702,114.247505
2014-12-24,44.616341,195.489014,114.869331
2014-12-26,44.375378000000005,196.1194,115.295624
2014-12-29,43.976852,196.382858,116.157509
2014-12-30,43.578323,195.329102,116.47258799999999
2014-12-31,43.050045000000004,193.390839,116.69503799999998
